dagi_id;navn;nummer;afstemningssted_navn;kommune_id;opstillingskreds_nummer;opstillingskreds_dagi_id;afstemningssted_adresse;kommune_navn;kommune_dagi_id;resultat_art;ALT;DD;DF;K;LA;S;SF;SP;T;V;Y;største_parti;pop_up
709602;Skærbæk;61;Skærbækcentret, Hal 1;550;51;403619;Storegade 46, 6780 Skærbæk;Tønder;389168;ForeløbigOptælling;1.0169491525423728;3.970944309927361;13.849878934624698;1.2106537530266344;8.716707021791766;10.314769975786923;4.019370460048426;9.878934624697337;37.675544794188866;8.91041162227603;0.4358353510895884;Tønder Listen;"<b style='color:#494949; font-size:1.5em;margin-bottom: 10px'>Tønder Listen</b><br> blev størst på valgstedet Skærbækcentret, Hal 1<br><span style='display:inline-block; width:0.3em; height:1.2em; vertical-align:middle;background:#494949;'></span><span style='display:inline-block; width:30px; font-size:1em;vertical-align:middle; margin-left: 4px'>T</span><span style='display:inline-block; width:50px; text-align:left; font-size:1em; vertical-align:middle'>37.7%</span><br><span style='display:inline-block; width:0.3em; height:1.2em; vertical-align:middle;background:#F6BA00;'></span><span style='display:inline-block; width:30px; font-size:1em;vertical-align:middle; margin-left: 4px'>DF</span><span style='display:inline-block; width:50px; text-align:left; font-size:1em; vertical-align:middle'>13.8%</span><br><span style='display:inline-block; width:0.3em; height:1.2em; vertical-align:middle;background:#F00B2F;'></span><span style='display:inline-block; width:30px; font-size:1em;vertical-align:middle; margin-left: 4px'>S</span><span style='display:inline-block; width:50px; text-align:left; font-size:1em; vertical-align:middle'>10.3%</span><br><span style='display:inline-block; width:0.3em; height:1.2em; vertical-align:middle;background:#494949;'></span><span style='display:inline-block; width:30px; font-size:1em;vertical-align:middle; margin-left: 4px'>SP</span><span style='display:inline-block; width:50px; text-align:left; font-size:1em; vertical-align:middle'>9.9%</span><br><span style='display:inline-block; width:0.3em; height:1.2em; vertical-align:middle;background:#0781DD;'></span><span style='display:inline-block; width:30px; font-size:1em;vertical-align:middle; margin-left: 4px'>V</span><span style='display:inline-block; width:50px; text-align:left; font-size:1em; vertical-align:middle'>8.9%</span><br><span style='display:inline-block; width:0.3em; height:1.2em; vertical-align:middle;background:#48CEF3;'></span><span style='display:inline-block; width:30px; font-size:1em;vertical-align:middle; margin-left: 4px'>LA</span><span style='display:inline-block; width:50px; text-align:left; font-size:1em; vertical-align:middle'>8.7%</span><br><span style='display:inline-block; width:0.3em; height:1.2em; vertical-align:middle;background:#F257A9;'></span><span style='display:inline-block; width:30px; font-size:1em;vertical-align:middle; margin-left: 4px'>SF</span><span style='display:inline-block; width:50px; text-align:left; font-size:1em; vertical-align:middle'>4.0%</span><br><span style='display:inline-block; width:0.3em; height:1.2em; vertical-align:middle;background:#0075c9;'></span><span style='display:inline-block; width:30px; font-size:1em;vertical-align:middle; margin-left: 4px'>DD</span><span style='display:inline-block; width:50px; text-align:left; font-size:1em; vertical-align:middle'>4.0%</span><br><span style='display:inline-block; width:0.3em; height:1.2em; vertical-align:middle;background:#06691E;'></span><span style='display:inline-block; width:30px; font-size:1em;vertical-align:middle; margin-left: 4px'>K</span><span style='display:inline-block; width:50px; text-align:left; font-size:1em; vertical-align:middle'>1.2%</span><br><span style='display:inline-block; width:0.3em; height:1.2em; vertical-align:middle;background:#3CE63D;'></span><span style='display:inline-block; width:30px; font-size:1em;vertical-align:middle; margin-left: 4px'>ALT</span><span style='display:inline-block; width:50px; text-align:left; font-size:1em; vertical-align:middle'>1.0%</span><br><span style='display:inline-block; width:0.3em; height:1.2em; vertical-align:middle;background:#494949;'></span><span style='display:inline-block; width:30px; font-size:1em;vertical-align:middle; margin-left: 4px'>Y</span><span style='display:inline-block; width:50px; text-align:left; font-size:1em; vertical-align:middle'>0.4%</span>"
711066;Arrild;18;Arrild Medborgerhus;550;51;403619;Arrild Ferieby 7, 6520 Toftlund;Tønder;389168;Fintælling;1.0101010101010102;6.565656565656567;11.616161616161616;1.0101010101010102;3.2828282828282833;7.07070707070707;4.292929292929292;13.131313131313131;7.3232323232323235;44.19191919191919;0.5050505050505051;Venstre;"<b style='color:#0781DD; font-size:1.5em;margin-bottom: 10px'>Venstre</b><br> blev størst på valgstedet Arrild Medborgerhus<br><span style='display:inline-block; width:0.3em; height:1.2em; vertical-align:middle;background:#0781DD;'></span><span style='display:inline-block; width:30px; font-size:1em;vertical-align:middle; margin-left: 4px'>V</span><span style='display:inline-block; width:50px; text-align:left; font-size:1em; vertical-align:middle'>44.2%</span><br><span style='display:inline-block; width:0.3em; height:1.2em; vertical-align:middle;background:#494949;'></span><span style='display:inline-block; width:30px; font-size:1em;vertical-align:middle; margin-left: 4px'>SP</span><span style='display:inline-block; width:50px; text-align:left; font-size:1em; vertical-align:middle'>13.1%</span><br><span style='display:inline-block; width:0.3em; height:1.2em; vertical-align:middle;background:#F6BA00;'></span><span style='display:inline-block; width:30px; font-size:1em;vertical-align:middle; margin-left: 4px'>DF</span><span style='display:inline-block; width:50px; text-align:left; font-size:1em; vertical-align:middle'>11.6%</span><br><span style='display:inline-block; width:0.3em; height:1.2em; vertical-align:middle;background:#494949;'></span><span style='display:inline-block; width:30px; font-size:1em;vertical-align:middle; margin-left: 4px'>T</span><span style='display:inline-block; width:50px; text-align:left; font-size:1em; vertical-align:middle'>7.3%</span><br><span style='display:inline-block; width:0.3em; height:1.2em; vertical-align:middle;background:#F00B2F;'></span><span style='display:inline-block; width:30px; font-size:1em;vertical-align:middle; margin-left: 4px'>S</span><span style='display:inline-block; width:50px; text-align:left; font-size:1em; vertical-align:middle'>7.1%</span><br><span style='display:inline-block; width:0.3em; height:1.2em; vertical-align:middle;background:#0075c9;'></span><span style='display:inline-block; width:30px; font-size:1em;vertical-align:middle; margin-left: 4px'>DD</span><span style='display:inline-block; width:50px; text-align:left; font-size:1em; vertical-align:middle'>6.6%</span><br><span style='display:inline-block; width:0.3em; height:1.2em; vertical-align:middle;background:#F257A9;'></span><span style='display:inline-block; width:30px; font-size:1em;vertical-align:middle; margin-left: 4px'>SF</span><span style='display:inline-block; width:50px; text-align:left; font-size:1em; vertical-align:middle'>4.3%</span><br><span style='display:inline-block; width:0.3em; height:1.2em; vertical-align:middle;background:#48CEF3;'></span><span style='display:inline-block; width:30px; font-size:1em;vertical-align:middle; margin-left: 4px'>LA</span><span style='display:inline-block; width:50px; text-align:left; font-size:1em; vertical-align:middle'>3.3%</span><br><span style='display:inline-block; width:0.3em; height:1.2em; vertical-align:middle;background:#3CE63D;'></span><span style='display:inline-block; width:30px; font-size:1em;vertical-align:middle; margin-left: 4px'>ALT</span><span style='display:inline-block; width:50px; text-align:left; font-size:1em; vertical-align:middle'>1.0%</span><br><span style='display:inline-block; width:0.3em; height:1.2em; vertical-align:middle;background:#06691E;'></span><span style='display:inline-block; width:30px; font-size:1em;vertical-align:middle; margin-left: 4px'>K</span><span style='display:inline-block; width:50px; text-align:left; font-size:1em; vertical-align:middle'>1.0%</span><br><span style='display:inline-block; width:0.3em; height:1.2em; vertical-align:middle;background:#494949;'></span><span style='display:inline-block; width:30px; font-size:1em;vertical-align:middle; margin-left: 4px'>Y</span><span style='display:inline-block; width:50px; text-align:left; font-size:1em; vertical-align:middle'>0.5%</span>"
701794;Abild;27;Ungdomsskolen;550;51;403619;Ribelandevej 62, Abild, 6270 Tønder;Tønder;389168;ForeløbigOptælling;0.5181347150259068;8.635578583765112;12.607944732297064;3.6269430051813463;1.208981001727116;8.635578583765112;4.145077720207254;25.38860103626943;27.461139896373055;7.599309153713299;0.1727115716753022;Tønder Listen;"<b style='color:#494949; font-size:1.5em;margin-bottom: 10px'>Tønder Listen</b><br> blev størst på valgstedet Ungdomsskolen<br><span style='display:inline-block; width:0.3em; height:1.2em; vertical-align:middle;background:#494949;'></span><span style='display:inline-block; width:30px; font-size:1em;vertical-align:middle; margin-left: 4px'>T</span><span style='display:inline-block; width:50px; text-align:left; font-size:1em; vertical-align:middle'>27.5%</span><br><span style='display:inline-block; width:0.3em; height:1.2em; vertical-align:middle;background:#494949;'></span><span style='display:inline-block; width:30px; font-size:1em;vertical-align:middle; margin-left: 4px'>SP</span><span style='display:inline-block; width:50px; text-align:left; font-size:1em; vertical-align:middle'>25.4%</span><br><span style='display:inline-block; width:0.3em; height:1.2em; vertical-align:middle;background:#F6BA00;'></span><span style='display:inline-block; width:30px; font-size:1em;vertical-align:middle; margin-left: 4px'>DF</span><span style='display:inline-block; width:50px; text-align:left; font-size:1em; vertical-align:middle'>12.6%</span><br><span style='display:inline-block; width:0.3em; height:1.2em; vertical-align:middle;background:#0075c9;'></span><span style='display:inline-block; width:30px; font-size:1em;vertical-align:middle; margin-left: 4px'>DD</span><span style='display:inline-block; width:50px; text-align:left; font-size:1em; vertical-align:middle'>8.6%</span><br><span style='display:inline-block; width:0.3em; height:1.2em; vertical-align:middle;background:#F00B2F;'></span><span style='display:inline-block; width:30px; font-size:1em;vertical-align:middle; margin-left: 4px'>S</span><span style='display:inline-block; width:50px; text-align:left; font-size:1em; vertical-align:middle'>8.6%</span><br><span style='display:inline-block; width:0.3em; height:1.2em; vertical-align:middle;background:#0781DD;'></span><span style='display:inline-block; width:30px; font-size:1em;vertical-align:middle; margin-left: 4px'>V</span><span style='display:inline-block; width:50px; text-align:left; font-size:1em; vertical-align:middle'>7.6%</span><br><span style='display:inline-block; width:0.3em; height:1.2em; vertical-align:middle;background:#F257A9;'></span><span style='display:inline-block; width:30px; font-size:1em;vertical-align:middle; margin-left: 4px'>SF</span><span style='display:inline-block; width:50px; text-align:left; font-size:1em; vertical-align:middle'>4.1%</span><br><span style='display:inline-block; width:0.3em; height:1.2em; vertical-align:middle;background:#06691E;'></span><span style='display:inline-block; width:30px; font-size:1em;vertical-align:middle; margin-left: 4px'>K</span><span style='display:inline-block; width:50px; text-align:left; font-size:1em; vertical-align:middle'>3.6%</span><br><span style='display:inline-block; width:0.3em; height:1.2em; vertical-align:middle;background:#48CEF3;'></span><span style='display:inline-block; width:30px; font-size:1em;vertical-align:middle; margin-left: 4px'>LA</span><span style='display:inline-block; width:50px; text-align:left; font-size:1em; vertical-align:middle'>1.2%</span><br><span style='display:inline-block; width:0.3em; height:1.2em; vertical-align:middle;background:#3CE63D;'></span><span style='display:inline-block; width:30px; font-size:1em;vertical-align:middle; margin-left: 4px'>ALT</span><span style='display:inline-block; width:50px; text-align:left; font-size:1em; vertical-align:middle'>0.5%</span><br><span style='display:inline-block; width:0.3em; height:1.2em; vertical-align:middle;background:#494949;'></span><span style='display:inline-block; width:30px; font-size:1em;vertical-align:middle; margin-left: 4px'>Y</span><span style='display:inline-block; width:50px; text-align:left; font-size:1em; vertical-align:middle'>0.2%</span>"
703566;Bedsted;15;Bedsted Friskole;550;51;403619;Syrenvej 3A, Bedsted, 6240 Løgumkloster;Tønder;389168;ForeløbigOptælling;0.2652519893899204;7.427055702917771;6.896551724137931;1.8567639257294428;1.8567639257294428;6.36604774535809;3.978779840848806;46.94960212201592;5.570291777188329;18.56763925729443;0.2652519893899204;Slesvigsk Parti;"<b style='color:#494949; font-size:1.5em;margin-bottom: 10px'>Slesvigsk Parti</b><br> blev størst på valgstedet Bedsted Friskole<br><span style='display:inline-block; width:0.3em; height:1.2em; vertical-align:middle;background:#494949;'></span><span style='display:inline-block; width:30px; font-size:1em;vertical-align:middle; margin-left: 4px'>SP</span><span style='display:inline-block; width:50px; text-align:left; font-size:1em; vertical-align:middle'>46.9%</span><br><span style='display:inline-block; width:0.3em; height:1.2em; vertical-align:middle;background:#0781DD;'></span><span style='display:inline-block; width:30px; font-size:1em;vertical-align:middle; margin-left: 4px'>V</span><span style='display:inline-block; width:50px; text-align:left; font-size:1em; vertical-align:middle'>18.6%</span><br><span style='display:inline-block; width:0.3em; height:1.2em; vertical-align:middle;background:#0075c9;'></span><span style='display:inline-block; width:30px; font-size:1em;vertical-align:middle; margin-left: 4px'>DD</span><span style='display:inline-block; width:50px; text-align:left; font-size:1em; vertical-align:middle'>7.4%</span><br><span style='display:inline-block; width:0.3em; height:1.2em; vertical-align:middle;background:#F6BA00;'></span><span style='display:inline-block; width:30px; font-size:1em;vertical-align:middle; margin-left: 4px'>DF</span><span style='display:inline-block; width:50px; text-align:left; font-size:1em; vertical-align:middle'>6.9%</span><br><span style='display:inline-block; width:0.3em; height:1.2em; vertical-align:middle;background:#F00B2F;'></span><span style='display:inline-block; width:30px; font-size:1em;vertical-align:middle; margin-left: 4px'>S</span><span style='display:inline-block; width:50px; text-align:left; font-size:1em; vertical-align:middle'>6.4%</span><br><span style='display:inline-block; width:0.3em; height:1.2em; vertical-align:middle;background:#494949;'></span><span style='display:inline-block; width:30px; font-size:1em;vertical-align:middle; margin-left: 4px'>T</span><span style='display:inline-block; width:50px; text-align:left; font-size:1em; vertical-align:middle'>5.6%</span><br><span style='display:inline-block; width:0.3em; height:1.2em; vertical-align:middle;background:#F257A9;'></span><span style='display:inline-block; width:30px; font-size:1em;vertical-align:middle; margin-left: 4px'>SF</span><span style='display:inline-block; width:50px; text-align:left; font-size:1em; vertical-align:middle'>4.0%</span><br><span style='display:inline-block; width:0.3em; height:1.2em; vertical-align:middle;background:#06691E;'></span><span style='display:inline-block; width:30px; font-size:1em;vertical-align:middle; margin-left: 4px'>K</span><span style='display:inline-block; width:50px; text-align:left; font-size:1em; vertical-align:middle'>1.9%</span><br><span style='display:inline-block; width:0.3em; height:1.2em; vertical-align:middle;background:#48CEF3;'></span><span style='display:inline-block; width:30px; font-size:1em;vertical-align:middle; margin-left: 4px'>LA</span><span style='display:inline-block; width:50px; text-align:left; font-size:1em; vertical-align:middle'>1.9%</span><br><span style='display:inline-block; width:0.3em; height:1.2em; vertical-align:middle;background:#3CE63D;'></span><span style='display:inline-block; width:30px; font-size:1em;vertical-align:middle; margin-left: 4px'>ALT</span><span style='display:inline-block; width:50px; text-align:left; font-size:1em; vertical-align:middle'>0.3%</span><br><span style='display:inline-block; width:0.3em; height:1.2em; vertical-align:middle;background:#494949;'></span><span style='display:inline-block; width:30px; font-size:1em;vertical-align:middle; margin-left: 4px'>Y</span><span style='display:inline-block; width:50px; text-align:left; font-size:1em; vertical-align:middle'>0.3%</span>"
707840;Hostrup;29;Jejsing Forsamlingshus;550;51;403619;Møllevænget 12, Jejsing, 6270 Tønder;Tønder;389168;ForeløbigOptælling;0.4065040650406504;3.658536585365854;7.926829268292683;4.0650406504065035;1.016260162601626;9.552845528455284;8.333333333333332;33.739837398373986;11.585365853658535;19.51219512195122;0.2032520325203252;Slesvigsk Parti;"<b style='color:#494949; font-size:1.5em;margin-bottom: 10px'>Slesvigsk Parti</b><br> blev størst på valgstedet Jejsing Forsamlingshus<br><span style='display:inline-block; width:0.3em; height:1.2em; vertical-align:middle;background:#494949;'></span><span style='display:inline-block; width:30px; font-size:1em;vertical-align:middle; margin-left: 4px'>SP</span><span style='display:inline-block; width:50px; text-align:left; font-size:1em; vertical-align:middle'>33.7%</span><br><span style='display:inline-block; width:0.3em; height:1.2em; vertical-align:middle;background:#0781DD;'></span><span style='display:inline-block; width:30px; font-size:1em;vertical-align:middle; margin-left: 4px'>V</span><span style='display:inline-block; width:50px; text-align:left; font-size:1em; vertical-align:middle'>19.5%</span><br><span style='display:inline-block; width:0.3em; height:1.2em; vertical-align:middle;background:#494949;'></span><span style='display:inline-block; width:30px; font-size:1em;vertical-align:middle; margin-left: 4px'>T</span><span style='display:inline-block; width:50px; text-align:left; font-size:1em; vertical-align:middle'>11.6%</span><br><span style='display:inline-block; width:0.3em; height:1.2em; vertical-align:middle;background:#F00B2F;'></span><span style='display:inline-block; width:30px; font-size:1em;vertical-align:middle; margin-left: 4px'>S</span><span style='display:inline-block; width:50px; text-align:left; font-size:1em; vertical-align:middle'>9.6%</span><br><span style='display:inline-block; width:0.3em; height:1.2em; vertical-align:middle;background:#F257A9;'></span><span style='display:inline-block; width:30px; font-size:1em;vertical-align:middle; margin-left: 4px'>SF</span><span style='display:inline-block; width:50px; text-align:left; font-size:1em; vertical-align:middle'>8.3%</span><br><span style='display:inline-block; width:0.3em; height:1.2em; vertical-align:middle;background:#F6BA00;'></span><span style='display:inline-block; width:30px; font-size:1em;vertical-align:middle; margin-left: 4px'>DF</span><span style='display:inline-block; width:50px; text-align:left; font-size:1em; vertical-align:middle'>7.9%</span><br><span style='display:inline-block; width:0.3em; height:1.2em; vertical-align:middle;background:#06691E;'></span><span style='display:inline-block; width:30px; font-size:1em;vertical-align:middle; margin-left: 4px'>K</span><span style='display:inline-block; width:50px; text-align:left; font-size:1em; vertical-align:middle'>4.1%</span><br><span style='display:inline-block; width:0.3em; height:1.2em; vertical-align:middle;background:#0075c9;'></span><span style='display:inline-block; width:30px; font-size:1em;vertical-align:middle; margin-left: 4px'>DD</span><span style='display:inline-block; width:50px; text-align:left; font-size:1em; vertical-align:middle'>3.7%</span><br><span style='display:inline-block; width:0.3em; height:1.2em; vertical-align:middle;background:#48CEF3;'></span><span style='display:inline-block; width:30px; font-size:1em;vertical-align:middle; margin-left: 4px'>LA</span><span style='display:inline-block; width:50px; text-align:left; font-size:1em; vertical-align:middle'>1.0%</span><br><span style='display:inline-block; width:0.3em; height:1.2em; vertical-align:middle;background:#3CE63D;'></span><span style='display:inline-block; width:30px; font-size:1em;vertical-align:middle; margin-left: 4px'>ALT</span><span style='display:inline-block; width:50px; text-align:left; font-size:1em; vertical-align:middle'>0.4%</span><br><span style='display:inline-block; width:0.3em; height:1.2em; vertical-align:middle;background:#494949;'></span><span style='display:inline-block; width:30px; font-size:1em;vertical-align:middle; margin-left: 4px'>Y</span><span style='display:inline-block; width:50px; text-align:left; font-size:1em; vertical-align:middle'>0.2%</span>"
707858;Sdr. Sejerslev;7;Emmerlev Sogns Forsamlingshus;550;51;403619;Sejerslevvej 3, S Sejerslev, 6280 Højer;Tønder;389168;ForeløbigOptælling;0.3610108303249097;10.830324909747292;7.220216606498195;4.693140794223827;1.8050541516245489;9.386281588447654;5.776173285198556;28.158844765342963;23.465703971119133;7.220216606498195;1.083032490974729;Slesvigsk Parti;"<b style='color:#494949; font-size:1.5em;margin-bottom: 10px'>Slesvigsk Parti</b><br> blev størst på valgstedet Emmerlev Sogns Forsamlingshus<br><span style='display:inline-block; width:0.3em; height:1.2em; vertical-align:middle;background:#494949;'></span><span style='display:inline-block; width:30px; font-size:1em;vertical-align:middle; margin-left: 4px'>SP</span><span style='display:inline-block; width:50px; text-align:left; font-size:1em; vertical-align:middle'>28.2%</span><br><span style='display:inline-block; width:0.3em; height:1.2em; vertical-align:middle;background:#494949;'></span><span style='display:inline-block; width:30px; font-size:1em;vertical-align:middle; margin-left: 4px'>T</span><span style='display:inline-block; width:50px; text-align:left; font-size:1em; vertical-align:middle'>23.5%</span><br><span style='display:inline-block; width:0.3em; height:1.2em; vertical-align:middle;background:#0075c9;'></span><span style='display:inline-block; width:30px; font-size:1em;vertical-align:middle; margin-left: 4px'>DD</span><span style='display:inline-block; width:50px; text-align:left; font-size:1em; vertical-align:middle'>10.8%</span><br><span style='display:inline-block; width:0.3em; height:1.2em; vertical-align:middle;background:#F00B2F;'></span><span style='display:inline-block; width:30px; font-size:1em;vertical-align:middle; margin-left: 4px'>S</span><span style='display:inline-block; width:50px; text-align:left; font-size:1em; vertical-align:middle'>9.4%</span><br><span style='display:inline-block; width:0.3em; height:1.2em; vertical-align:middle;background:#F6BA00;'></span><span style='display:inline-block; width:30px; font-size:1em;vertical-align:middle; margin-left: 4px'>DF</span><span style='display:inline-block; width:50px; text-align:left; font-size:1em; vertical-align:middle'>7.2%</span><br><span style='display:inline-block; width:0.3em; height:1.2em; vertical-align:middle;background:#0781DD;'></span><span style='display:inline-block; width:30px; font-size:1em;vertical-align:middle; margin-left: 4px'>V</span><span style='display:inline-block; width:50px; text-align:left; font-size:1em; vertical-align:middle'>7.2%</span><br><span style='display:inline-block; width:0.3em; height:1.2em; vertical-align:middle;background:#F257A9;'></span><span style='display:inline-block; width:30px; font-size:1em;vertical-align:middle; margin-left: 4px'>SF</span><span style='display:inline-block; width:50px; text-align:left; font-size:1em; vertical-align:middle'>5.8%</span><br><span style='display:inline-block; width:0.3em; height:1.2em; vertical-align:middle;background:#06691E;'></span><span style='display:inline-block; width:30px; font-size:1em;vertical-align:middle; margin-left: 4px'>K</span><span style='display:inline-block; width:50px; text-align:left; font-size:1em; vertical-align:middle'>4.7%</span><br><span style='display:inline-block; width:0.3em; height:1.2em; vertical-align:middle;background:#48CEF3;'></span><span style='display:inline-block; width:30px; font-size:1em;vertical-align:middle; margin-left: 4px'>LA</span><span style='display:inline-block; width:50px; text-align:left; font-size:1em; vertical-align:middle'>1.8%</span><br><span style='display:inline-block; width:0.3em; height:1.2em; vertical-align:middle;background:#494949;'></span><span style='display:inline-block; width:30px; font-size:1em;vertical-align:middle; margin-left: 4px'>Y</span><span style='display:inline-block; width:50px; text-align:left; font-size:1em; vertical-align:middle'>1.1%</span><br><span style='display:inline-block; width:0.3em; height:1.2em; vertical-align:middle;background:#3CE63D;'></span><span style='display:inline-block; width:30px; font-size:1em;vertical-align:middle; margin-left: 4px'>ALT</span><span style='display:inline-block; width:50px; text-align:left; font-size:1em; vertical-align:middle'>0.4%</span>"
712106;Bredebro;1;Bredebro Forsamlingshus;550;51;403619;Jepsensvej 1, 6261 Bredebro;Tønder;389168;ForeløbigOptælling;0.2079002079002079;6.756756756756757;12.266112266112266;3.4303534303534304;2.182952182952183;23.492723492723496;1.5592515592515594;20.062370062370064;15.48856548856549;13.825363825363826;0.7276507276507277;Socialdemokratiet;"<b style='color:#F00B2F; font-size:1.5em;margin-bottom: 10px'>Socialdemokratiet</b><br> blev størst på valgstedet Bredebro Forsamlingshus<br><span style='display:inline-block; width:0.3em; height:1.2em; vertical-align:middle;background:#F00B2F;'></span><span style='display:inline-block; width:30px; font-size:1em;vertical-align:middle; margin-left: 4px'>S</span><span style='display:inline-block; width:50px; text-align:left; font-size:1em; vertical-align:middle'>23.5%</span><br><span style='display:inline-block; width:0.3em; height:1.2em; vertical-align:middle;background:#494949;'></span><span style='display:inline-block; width:30px; font-size:1em;vertical-align:middle; margin-left: 4px'>SP</span><span style='display:inline-block; width:50px; text-align:left; font-size:1em; vertical-align:middle'>20.1%</span><br><span style='display:inline-block; width:0.3em; height:1.2em; vertical-align:middle;background:#494949;'></span><span style='display:inline-block; width:30px; font-size:1em;vertical-align:middle; margin-left: 4px'>T</span><span style='display:inline-block; width:50px; text-align:left; font-size:1em; vertical-align:middle'>15.5%</span><br><span style='display:inline-block; width:0.3em; height:1.2em; vertical-align:middle;background:#0781DD;'></span><span style='display:inline-block; width:30px; font-size:1em;vertical-align:middle; margin-left: 4px'>V</span><span style='display:inline-block; width:50px; text-align:left; font-size:1em; vertical-align:middle'>13.8%</span><br><span style='display:inline-block; width:0.3em; height:1.2em; vertical-align:middle;background:#F6BA00;'></span><span style='display:inline-block; width:30px; font-size:1em;vertical-align:middle; margin-left: 4px'>DF</span><span style='display:inline-block; width:50px; text-align:left; font-size:1em; vertical-align:middle'>12.3%</span><br><span style='display:inline-block; width:0.3em; height:1.2em; vertical-align:middle;background:#0075c9;'></span><span style='display:inline-block; width:30px; font-size:1em;vertical-align:middle; margin-left: 4px'>DD</span><span style='display:inline-block; width:50px; text-align:left; font-size:1em; vertical-align:middle'>6.8%</span><br><span style='display:inline-block; width:0.3em; height:1.2em; vertical-align:middle;background:#06691E;'></span><span style='display:inline-block; width:30px; font-size:1em;vertical-align:middle; margin-left: 4px'>K</span><span style='display:inline-block; width:50px; text-align:left; font-size:1em; vertical-align:middle'>3.4%</span><br><span style='display:inline-block; width:0.3em; height:1.2em; vertical-align:middle;background:#48CEF3;'></span><span style='display:inline-block; width:30px; font-size:1em;vertical-align:middle; margin-left: 4px'>LA</span><span style='display:inline-block; width:50px; text-align:left; font-size:1em; vertical-align:middle'>2.2%</span><br><span style='display:inline-block; width:0.3em; height:1.2em; vertical-align:middle;background:#F257A9;'></span><span style='display:inline-block; width:30px; font-size:1em;vertical-align:middle; margin-left: 4px'>SF</span><span style='display:inline-block; width:50px; text-align:left; font-size:1em; vertical-align:middle'>1.6%</span><br><span style='display:inline-block; width:0.3em; height:1.2em; vertical-align:middle;background:#494949;'></span><span style='display:inline-block; width:30px; font-size:1em;vertical-align:middle; margin-left: 4px'>Y</span><span style='display:inline-block; width:50px; text-align:left; font-size:1em; vertical-align:middle'>0.7%</span><br><span style='display:inline-block; width:0.3em; height:1.2em; vertical-align:middle;background:#3CE63D;'></span><span style='display:inline-block; width:30px; font-size:1em;vertical-align:middle; margin-left: 4px'>ALT</span><span style='display:inline-block; width:50px; text-align:left; font-size:1em; vertical-align:middle'>0.2%</span>"
711084;Nr. Løgum;14;Konfirmandstuen v/Præstegården;550;51;403619;Nørregade 7, Løgumgårde, 6240 Løgumkloster;Tønder;389168;ForeløbigOptælling;0.2898550724637681;7.246376811594203;7.246376811594203;1.1594202898550725;2.898550724637681;10.579710144927535;2.753623188405797;41.88405797101449;10.289855072463768;15.507246376811596;0.144927536231884;Slesvigsk Parti;"<b style='color:#494949; font-size:1.5em;margin-bottom: 10px'>Slesvigsk Parti</b><br> blev størst på valgstedet Konfirmandstuen v/Præstegården<br><span style='display:inline-block; width:0.3em; height:1.2em; vertical-align:middle;background:#494949;'></span><span style='display:inline-block; width:30px; font-size:1em;vertical-align:middle; margin-left: 4px'>SP</span><span style='display:inline-block; width:50px; text-align:left; font-size:1em; vertical-align:middle'>41.9%</span><br><span style='display:inline-block; width:0.3em; height:1.2em; vertical-align:middle;background:#0781DD;'></span><span style='display:inline-block; width:30px; font-size:1em;vertical-align:middle; margin-left: 4px'>V</span><span style='display:inline-block; width:50px; text-align:left; font-size:1em; vertical-align:middle'>15.5%</span><br><span style='display:inline-block; width:0.3em; height:1.2em; vertical-align:middle;background:#F00B2F;'></span><span style='display:inline-block; width:30px; font-size:1em;vertical-align:middle; margin-left: 4px'>S</span><span style='display:inline-block; width:50px; text-align:left; font-size:1em; vertical-align:middle'>10.6%</span><br><span style='display:inline-block; width:0.3em; height:1.2em; vertical-align:middle;background:#494949;'></span><span style='display:inline-block; width:30px; font-size:1em;vertical-align:middle; margin-left: 4px'>T</span><span style='display:inline-block; width:50px; text-align:left; font-size:1em; vertical-align:middle'>10.3%</span><br><span style='display:inline-block; width:0.3em; height:1.2em; vertical-align:middle;background:#0075c9;'></span><span style='display:inline-block; width:30px; font-size:1em;vertical-align:middle; margin-left: 4px'>DD</span><span style='display:inline-block; width:50px; text-align:left; font-size:1em; vertical-align:middle'>7.2%</span><br><span style='display:inline-block; width:0.3em; height:1.2em; vertical-align:middle;background:#F6BA00;'></span><span style='display:inline-block; width:30px; font-size:1em;vertical-align:middle; margin-left: 4px'>DF</span><span style='display:inline-block; width:50px; text-align:left; font-size:1em; vertical-align:middle'>7.2%</span><br><span style='display:inline-block; width:0.3em; height:1.2em; vertical-align:middle;background:#48CEF3;'></span><span style='display:inline-block; width:30px; font-size:1em;vertical-align:middle; margin-left: 4px'>LA</span><span style='display:inline-block; width:50px; text-align:left; font-size:1em; vertical-align:middle'>2.9%</span><br><span style='display:inline-block; width:0.3em; height:1.2em; vertical-align:middle;background:#F257A9;'></span><span style='display:inline-block; width:30px; font-size:1em;vertical-align:middle; margin-left: 4px'>SF</span><span style='display:inline-block; width:50px; text-align:left; font-size:1em; vertical-align:middle'>2.8%</span><br><span style='display:inline-block; width:0.3em; height:1.2em; vertical-align:middle;background:#06691E;'></span><span style='display:inline-block; width:30px; font-size:1em;vertical-align:middle; margin-left: 4px'>K</span><span style='display:inline-block; width:50px; text-align:left; font-size:1em; vertical-align:middle'>1.2%</span><br><span style='display:inline-block; width:0.3em; height:1.2em; vertical-align:middle;background:#3CE63D;'></span><span style='display:inline-block; width:30px; font-size:1em;vertical-align:middle; margin-left: 4px'>ALT</span><span style='display:inline-block; width:50px; text-align:left; font-size:1em; vertical-align:middle'>0.3%</span><br><span style='display:inline-block; width:0.3em; height:1.2em; vertical-align:middle;background:#494949;'></span><span style='display:inline-block; width:30px; font-size:1em;vertical-align:middle; margin-left: 4px'>Y</span><span style='display:inline-block; width:50px; text-align:left; font-size:1em; vertical-align:middle'>0.1%</span>"
701806;Agerskov;17;Agerskov Hallen, Cafeteriet;550;51;403619;Nørregade 17B, 6534 Agerskov;Tønder;389168;ForeløbigOptælling;0.0934579439252336;7.196261682242991;8.504672897196262;8.224299065420562;3.177570093457944;7.850467289719626;3.7383177570093458;18.22429906542056;9.065420560747665;33.64485981308411;0.2803738317757009;Venstre;"<b style='color:#0781DD; font-size:1.5em;margin-bottom: 10px'>Venstre</b><br> blev størst på valgstedet Agerskov Hallen, Cafeteriet<br><span style='display:inline-block; width:0.3em; height:1.2em; vertical-align:middle;background:#0781DD;'></span><span style='display:inline-block; width:30px; font-size:1em;vertical-align:middle; margin-left: 4px'>V</span><span style='display:inline-block; width:50px; text-align:left; font-size:1em; vertical-align:middle'>33.6%</span><br><span style='display:inline-block; width:0.3em; height:1.2em; vertical-align:middle;background:#494949;'></span><span style='display:inline-block; width:30px; font-size:1em;vertical-align:middle; margin-left: 4px'>SP</span><span style='display:inline-block; width:50px; text-align:left; font-size:1em; vertical-align:middle'>18.2%</span><br><span style='display:inline-block; width:0.3em; height:1.2em; vertical-align:middle;background:#494949;'></span><span style='display:inline-block; width:30px; font-size:1em;vertical-align:middle; margin-left: 4px'>T</span><span style='display:inline-block; width:50px; text-align:left; font-size:1em; vertical-align:middle'>9.1%</span><br><span style='display:inline-block; width:0.3em; height:1.2em; vertical-align:middle;background:#F6BA00;'></span><span style='display:inline-block; width:30px; font-size:1em;vertical-align:middle; margin-left: 4px'>DF</span><span style='display:inline-block; width:50px; text-align:left; font-size:1em; vertical-align:middle'>8.5%</span><br><span style='display:inline-block; width:0.3em; height:1.2em; vertical-align:middle;background:#06691E;'></span><span style='display:inline-block; width:30px; font-size:1em;vertical-align:middle; margin-left: 4px'>K</span><span style='display:inline-block; width:50px; text-align:left; font-size:1em; vertical-align:middle'>8.2%</span><br><span style='display:inline-block; width:0.3em; height:1.2em; vertical-align:middle;background:#F00B2F;'></span><span style='display:inline-block; width:30px; font-size:1em;vertical-align:middle; margin-left: 4px'>S</span><span style='display:inline-block; width:50px; text-align:left; font-size:1em; vertical-align:middle'>7.9%</span><br><span style='display:inline-block; width:0.3em; height:1.2em; vertical-align:middle;background:#0075c9;'></span><span style='display:inline-block; width:30px; font-size:1em;vertical-align:middle; margin-left: 4px'>DD</span><span style='display:inline-block; width:50px; text-align:left; font-size:1em; vertical-align:middle'>7.2%</span><br><span style='display:inline-block; width:0.3em; height:1.2em; vertical-align:middle;background:#F257A9;'></span><span style='display:inline-block; width:30px; font-size:1em;vertical-align:middle; margin-left: 4px'>SF</span><span style='display:inline-block; width:50px; text-align:left; font-size:1em; vertical-align:middle'>3.7%</span><br><span style='display:inline-block; width:0.3em; height:1.2em; vertical-align:middle;background:#48CEF3;'></span><span style='display:inline-block; width:30px; font-size:1em;vertical-align:middle; margin-left: 4px'>LA</span><span style='display:inline-block; width:50px; text-align:left; font-size:1em; vertical-align:middle'>3.2%</span><br><span style='display:inline-block; width:0.3em; height:1.2em; vertical-align:middle;background:#494949;'></span><span style='display:inline-block; width:30px; font-size:1em;vertical-align:middle; margin-left: 4px'>Y</span><span style='display:inline-block; width:50px; text-align:left; font-size:1em; vertical-align:middle'>0.3%</span><br><span style='display:inline-block; width:0.3em; height:1.2em; vertical-align:middle;background:#3CE63D;'></span><span style='display:inline-block; width:30px; font-size:1em;vertical-align:middle; margin-left: 4px'>ALT</span><span style='display:inline-block; width:50px; text-align:left; font-size:1em; vertical-align:middle'>0.1%</span>"
706374;Højer;4;Højer Hus;550;51;403619;Ballumvej 10, 6280 Højer;Tønder;389168;ForeløbigOptælling;0.2389486260454002;3.345280764635603;10.15531660692951;2.7479091995221028;1.1947431302270013;16.965352449223417;4.898446833930705;32.13859020310633;19.59378733572282;8.482676224611708;0.2389486260454002;Slesvigsk Parti;"<b style='color:#494949; font-size:1.5em;margin-bottom: 10px'>Slesvigsk Parti</b><br> blev størst på valgstedet Højer Hus<br><span style='display:inline-block; width:0.3em; height:1.2em; vertical-align:middle;background:#494949;'></span><span style='display:inline-block; width:30px; font-size:1em;vertical-align:middle; margin-left: 4px'>SP</span><span style='display:inline-block; width:50px; text-align:left; font-size:1em; vertical-align:middle'>32.1%</span><br><span style='display:inline-block; width:0.3em; height:1.2em; vertical-align:middle;background:#494949;'></span><span style='display:inline-block; width:30px; font-size:1em;vertical-align:middle; margin-left: 4px'>T</span><span style='display:inline-block; width:50px; text-align:left; font-size:1em; vertical-align:middle'>19.6%</span><br><span style='display:inline-block; width:0.3em; height:1.2em; vertical-align:middle;background:#F00B2F;'></span><span style='display:inline-block; width:30px; font-size:1em;vertical-align:middle; margin-left: 4px'>S</span><span style='display:inline-block; width:50px; text-align:left; font-size:1em; vertical-align:middle'>17.0%</span><br><span style='display:inline-block; width:0.3em; height:1.2em; vertical-align:middle;background:#F6BA00;'></span><span style='display:inline-block; width:30px; font-size:1em;vertical-align:middle; margin-left: 4px'>DF</span><span style='display:inline-block; width:50px; text-align:left; font-size:1em; vertical-align:middle'>10.2%</span><br><span style='display:inline-block; width:0.3em; height:1.2em; vertical-align:middle;background:#0781DD;'></span><span style='display:inline-block; width:30px; font-size:1em;vertical-align:middle; margin-left: 4px'>V</span><span style='display:inline-block; width:50px; text-align:left; font-size:1em; vertical-align:middle'>8.5%</span><br><span style='display:inline-block; width:0.3em; height:1.2em; vertical-align:middle;background:#F257A9;'></span><span style='display:inline-block; width:30px; font-size:1em;vertical-align:middle; margin-left: 4px'>SF</span><span style='display:inline-block; width:50px; text-align:left; font-size:1em; vertical-align:middle'>4.9%</span><br><span style='display:inline-block; width:0.3em; height:1.2em; vertical-align:middle;background:#0075c9;'></span><span style='display:inline-block; width:30px; font-size:1em;vertical-align:middle; margin-left: 4px'>DD</span><span style='display:inline-block; width:50px; text-align:left; font-size:1em; vertical-align:middle'>3.3%</span><br><span style='display:inline-block; width:0.3em; height:1.2em; vertical-align:middle;background:#06691E;'></span><span style='display:inline-block; width:30px; font-size:1em;vertical-align:middle; margin-left: 4px'>K</span><span style='display:inline-block; width:50px; text-align:left; font-size:1em; vertical-align:middle'>2.7%</span><br><span style='display:inline-block; width:0.3em; height:1.2em; vertical-align:middle;background:#48CEF3;'></span><span style='display:inline-block; width:30px; font-size:1em;vertical-align:middle; margin-left: 4px'>LA</span><span style='display:inline-block; width:50px; text-align:left; font-size:1em; vertical-align:middle'>1.2%</span><br><span style='display:inline-block; width:0.3em; height:1.2em; vertical-align:middle;background:#3CE63D;'></span><span style='display:inline-block; width:30px; font-size:1em;vertical-align:middle; margin-left: 4px'>ALT</span><span style='display:inline-block; width:50px; text-align:left; font-size:1em; vertical-align:middle'>0.2%</span><br><span style='display:inline-block; width:0.3em; height:1.2em; vertical-align:middle;background:#494949;'></span><span style='display:inline-block; width:30px; font-size:1em;vertical-align:middle; margin-left: 4px'>Y</span><span style='display:inline-block; width:50px; text-align:left; font-size:1em; vertical-align:middle'>0.2%</span>"
709616;Døstrup;21;Forsamlingshuset i Døstrup;550;51;403619;Landevejen 18, Døstrup, 6780 Skærbæk;Tønder;389168;ForeløbigOptælling;0.6430868167202572;8.038585209003216;23.79421221864952;3.858520900321544;6.430868167202572;10.932475884244374;3.215434083601286;9.646302250803858;25.723472668810288;7.07395498392283;0.6430868167202572;Tønder Listen;"<b style='color:#494949; font-size:1.5em;margin-bottom: 10px'>Tønder Listen</b><br> blev størst på valgstedet Forsamlingshuset i Døstrup<br><span style='display:inline-block; width:0.3em; height:1.2em; vertical-align:middle;background:#494949;'></span><span style='display:inline-block; width:30px; font-size:1em;vertical-align:middle; margin-left: 4px'>T</span><span style='display:inline-block; width:50px; text-align:left; font-size:1em; vertical-align:middle'>25.7%</span><br><span style='display:inline-block; width:0.3em; height:1.2em; vertical-align:middle;background:#F6BA00;'></span><span style='display:inline-block; width:30px; font-size:1em;vertical-align:middle; margin-left: 4px'>DF</span><span style='display:inline-block; width:50px; text-align:left; font-size:1em; vertical-align:middle'>23.8%</span><br><span style='display:inline-block; width:0.3em; height:1.2em; vertical-align:middle;background:#F00B2F;'></span><span style='display:inline-block; width:30px; font-size:1em;vertical-align:middle; margin-left: 4px'>S</span><span style='display:inline-block; width:50px; text-align:left; font-size:1em; vertical-align:middle'>10.9%</span><br><span style='display:inline-block; width:0.3em; height:1.2em; vertical-align:middle;background:#494949;'></span><span style='display:inline-block; width:30px; font-size:1em;vertical-align:middle; margin-left: 4px'>SP</span><span style='display:inline-block; width:50px; text-align:left; font-size:1em; vertical-align:middle'>9.6%</span><br><span style='display:inline-block; width:0.3em; height:1.2em; vertical-align:middle;background:#0075c9;'></span><span style='display:inline-block; width:30px; font-size:1em;vertical-align:middle; margin-left: 4px'>DD</span><span style='display:inline-block; width:50px; text-align:left; font-size:1em; vertical-align:middle'>8.0%</span><br><span style='display:inline-block; width:0.3em; height:1.2em; vertical-align:middle;background:#0781DD;'></span><span style='display:inline-block; width:30px; font-size:1em;vertical-align:middle; margin-left: 4px'>V</span><span style='display:inline-block; width:50px; text-align:left; font-size:1em; vertical-align:middle'>7.1%</span><br><span style='display:inline-block; width:0.3em; height:1.2em; vertical-align:middle;background:#48CEF3;'></span><span style='display:inline-block; width:30px; font-size:1em;vertical-align:middle; margin-left: 4px'>LA</span><span style='display:inline-block; width:50px; text-align:left; font-size:1em; vertical-align:middle'>6.4%</span><br><span style='display:inline-block; width:0.3em; height:1.2em; vertical-align:middle;background:#06691E;'></span><span style='display:inline-block; width:30px; font-size:1em;vertical-align:middle; margin-left: 4px'>K</span><span style='display:inline-block; width:50px; text-align:left; font-size:1em; vertical-align:middle'>3.9%</span><br><span style='display:inline-block; width:0.3em; height:1.2em; vertical-align:middle;background:#F257A9;'></span><span style='display:inline-block; width:30px; font-size:1em;vertical-align:middle; margin-left: 4px'>SF</span><span style='display:inline-block; width:50px; text-align:left; font-size:1em; vertical-align:middle'>3.2%</span><br><span style='display:inline-block; width:0.3em; height:1.2em; vertical-align:middle;background:#3CE63D;'></span><span style='display:inline-block; width:30px; font-size:1em;vertical-align:middle; margin-left: 4px'>ALT</span><span style='display:inline-block; width:50px; text-align:left; font-size:1em; vertical-align:middle'>0.6%</span><br><span style='display:inline-block; width:0.3em; height:1.2em; vertical-align:middle;background:#494949;'></span><span style='display:inline-block; width:30px; font-size:1em;vertical-align:middle; margin-left: 4px'>Y</span><span style='display:inline-block; width:50px; text-align:left; font-size:1em; vertical-align:middle'>0.6%</span>"
706368;Møgeltønder;8;Møgeltønderhus;550;51;403619;Højervej 31, Møgeltønder, 6270 Tønder;Tønder;389168;ForeløbigOptælling;0.4769475357710651;3.815580286168521;5.88235294117647;1.4308426073131957;0.9538950715421304;19.71383147853736;6.041335453100159;23.84737678855326;15.262321144674084;22.416534181240063;0.1589825119236884;Slesvigsk Parti;"<b style='color:#494949; font-size:1.5em;margin-bottom: 10px'>Slesvigsk Parti</b><br> blev størst på valgstedet Møgeltønderhus<br><span style='display:inline-block; width:0.3em; height:1.2em; vertical-align:middle;background:#494949;'></span><span style='display:inline-block; width:30px; font-size:1em;vertical-align:middle; margin-left: 4px'>SP</span><span style='display:inline-block; width:50px; text-align:left; font-size:1em; vertical-align:middle'>23.8%</span><br><span style='display:inline-block; width:0.3em; height:1.2em; vertical-align:middle;background:#0781DD;'></span><span style='display:inline-block; width:30px; font-size:1em;vertical-align:middle; margin-left: 4px'>V</span><span style='display:inline-block; width:50px; text-align:left; font-size:1em; vertical-align:middle'>22.4%</span><br><span style='display:inline-block; width:0.3em; height:1.2em; vertical-align:middle;background:#F00B2F;'></span><span style='display:inline-block; width:30px; font-size:1em;vertical-align:middle; margin-left: 4px'>S</span><span style='display:inline-block; width:50px; text-align:left; font-size:1em; vertical-align:middle'>19.7%</span><br><span style='display:inline-block; width:0.3em; height:1.2em; vertical-align:middle;background:#494949;'></span><span style='display:inline-block; width:30px; font-size:1em;vertical-align:middle; margin-left: 4px'>T</span><span style='display:inline-block; width:50px; text-align:left; font-size:1em; vertical-align:middle'>15.3%</span><br><span style='display:inline-block; width:0.3em; height:1.2em; vertical-align:middle;background:#F257A9;'></span><span style='display:inline-block; width:30px; font-size:1em;vertical-align:middle; margin-left: 4px'>SF</span><span style='display:inline-block; width:50px; text-align:left; font-size:1em; vertical-align:middle'>6.0%</span><br><span style='display:inline-block; width:0.3em; height:1.2em; vertical-align:middle;background:#F6BA00;'></span><span style='display:inline-block; width:30px; font-size:1em;vertical-align:middle; margin-left: 4px'>DF</span><span style='display:inline-block; width:50px; text-align:left; font-size:1em; vertical-align:middle'>5.9%</span><br><span style='display:inline-block; width:0.3em; height:1.2em; vertical-align:middle;background:#0075c9;'></span><span style='display:inline-block; width:30px; font-size:1em;vertical-align:middle; margin-left: 4px'>DD</span><span style='display:inline-block; width:50px; text-align:left; font-size:1em; vertical-align:middle'>3.8%</span><br><span style='display:inline-block; width:0.3em; height:1.2em; vertical-align:middle;background:#06691E;'></span><span style='display:inline-block; width:30px; font-size:1em;vertical-align:middle; margin-left: 4px'>K</span><span style='display:inline-block; width:50px; text-align:left; font-size:1em; vertical-align:middle'>1.4%</span><br><span style='display:inline-block; width:0.3em; height:1.2em; vertical-align:middle;background:#48CEF3;'></span><span style='display:inline-block; width:30px; font-size:1em;vertical-align:middle; margin-left: 4px'>LA</span><span style='display:inline-block; width:50px; text-align:left; font-size:1em; vertical-align:middle'>1.0%</span><br><span style='display:inline-block; width:0.3em; height:1.2em; vertical-align:middle;background:#3CE63D;'></span><span style='display:inline-block; width:30px; font-size:1em;vertical-align:middle; margin-left: 4px'>ALT</span><span style='display:inline-block; width:50px; text-align:left; font-size:1em; vertical-align:middle'>0.5%</span><br><span style='display:inline-block; width:0.3em; height:1.2em; vertical-align:middle;background:#494949;'></span><span style='display:inline-block; width:30px; font-size:1em;vertical-align:middle; margin-left: 4px'>Y</span><span style='display:inline-block; width:50px; text-align:left; font-size:1em; vertical-align:middle'>0.2%</span>"
705136;Tønder;25;Tønderhallerne, Hal 4;550;51;403619;Sønderlandevej 4, 6270 Tønder;Tønder;389168;ForeløbigOptælling;0.3899977058958477;2.22528102775866;4.542326221610462;2.3858683184216565;1.445285615966965;14.521679284239504;9.199357650837348;31.681578343656803;20.669878412479928;12.663454920853406;0.2752924982794218;Slesvigsk Parti;"<b style='color:#494949; font-size:1.5em;margin-bottom: 10px'>Slesvigsk Parti</b><br> blev størst på valgstedet Tønderhallerne, Hal 4<br><span style='display:inline-block; width:0.3em; height:1.2em; vertical-align:middle;background:#494949;'></span><span style='display:inline-block; width:30px; font-size:1em;vertical-align:middle; margin-left: 4px'>SP</span><span style='display:inline-block; width:50px; text-align:left; font-size:1em; vertical-align:middle'>31.7%</span><br><span style='display:inline-block; width:0.3em; height:1.2em; vertical-align:middle;background:#494949;'></span><span style='display:inline-block; width:30px; font-size:1em;vertical-align:middle; margin-left: 4px'>T</span><span style='display:inline-block; width:50px; text-align:left; font-size:1em; vertical-align:middle'>20.7%</span><br><span style='display:inline-block; width:0.3em; height:1.2em; vertical-align:middle;background:#F00B2F;'></span><span style='display:inline-block; width:30px; font-size:1em;vertical-align:middle; margin-left: 4px'>S</span><span style='display:inline-block; width:50px; text-align:left; font-size:1em; vertical-align:middle'>14.5%</span><br><span style='display:inline-block; width:0.3em; height:1.2em; vertical-align:middle;background:#0781DD;'></span><span style='display:inline-block; width:30px; font-size:1em;vertical-align:middle; margin-left: 4px'>V</span><span style='display:inline-block; width:50px; text-align:left; font-size:1em; vertical-align:middle'>12.7%</span><br><span style='display:inline-block; width:0.3em; height:1.2em; vertical-align:middle;background:#F257A9;'></span><span style='display:inline-block; width:30px; font-size:1em;vertical-align:middle; margin-left: 4px'>SF</span><span style='display:inline-block; width:50px; text-align:left; font-size:1em; vertical-align:middle'>9.2%</span><br><span style='display:inline-block; width:0.3em; height:1.2em; vertical-align:middle;background:#F6BA00;'></span><span style='display:inline-block; width:30px; font-size:1em;vertical-align:middle; margin-left: 4px'>DF</span><span style='display:inline-block; width:50px; text-align:left; font-size:1em; vertical-align:middle'>4.5%</span><br><span style='display:inline-block; width:0.3em; height:1.2em; vertical-align:middle;background:#06691E;'></span><span style='display:inline-block; width:30px; font-size:1em;vertical-align:middle; margin-left: 4px'>K</span><span style='display:inline-block; width:50px; text-align:left; font-size:1em; vertical-align:middle'>2.4%</span><br><span style='display:inline-block; width:0.3em; height:1.2em; vertical-align:middle;background:#0075c9;'></span><span style='display:inline-block; width:30px; font-size:1em;vertical-align:middle; margin-left: 4px'>DD</span><span style='display:inline-block; width:50px; text-align:left; font-size:1em; vertical-align:middle'>2.2%</span><br><span style='display:inline-block; width:0.3em; height:1.2em; vertical-align:middle;background:#48CEF3;'></span><span style='display:inline-block; width:30px; font-size:1em;vertical-align:middle; margin-left: 4px'>LA</span><span style='display:inline-block; width:50px; text-align:left; font-size:1em; vertical-align:middle'>1.4%</span><br><span style='display:inline-block; width:0.3em; height:1.2em; vertical-align:middle;background:#3CE63D;'></span><span style='display:inline-block; width:30px; font-size:1em;vertical-align:middle; margin-left: 4px'>ALT</span><span style='display:inline-block; width:50px; text-align:left; font-size:1em; vertical-align:middle'>0.4%</span><br><span style='display:inline-block; width:0.3em; height:1.2em; vertical-align:middle;background:#494949;'></span><span style='display:inline-block; width:30px; font-size:1em;vertical-align:middle; margin-left: 4px'>Y</span><span style='display:inline-block; width:50px; text-align:left; font-size:1em; vertical-align:middle'>0.3%</span>"
703560;Ballum;2;Ballum Multihus;550;51;403619;Vestervej 10B, Ballum, 6261 Bredebro;Tønder;389168;Fintælling;0.8287292817679558;7.458563535911603;18.50828729281768;3.314917127071823;1.1049723756906076;7.18232044198895;4.41988950276243;19.613259668508288;22.92817679558011;12.98342541436464;1.6574585635359116;Tønder Listen;"<b style='color:#494949; font-size:1.5em;margin-bottom: 10px'>Tønder Listen</b><br> blev størst på valgstedet Ballum Multihus<br><span style='display:inline-block; width:0.3em; height:1.2em; vertical-align:middle;background:#494949;'></span><span style='display:inline-block; width:30px; font-size:1em;vertical-align:middle; margin-left: 4px'>T</span><span style='display:inline-block; width:50px; text-align:left; font-size:1em; vertical-align:middle'>22.9%</span><br><span style='display:inline-block; width:0.3em; height:1.2em; vertical-align:middle;background:#494949;'></span><span style='display:inline-block; width:30px; font-size:1em;vertical-align:middle; margin-left: 4px'>SP</span><span style='display:inline-block; width:50px; text-align:left; font-size:1em; vertical-align:middle'>19.6%</span><br><span style='display:inline-block; width:0.3em; height:1.2em; vertical-align:middle;background:#F6BA00;'></span><span style='display:inline-block; width:30px; font-size:1em;vertical-align:middle; margin-left: 4px'>DF</span><span style='display:inline-block; width:50px; text-align:left; font-size:1em; vertical-align:middle'>18.5%</span><br><span style='display:inline-block; width:0.3em; height:1.2em; vertical-align:middle;background:#0781DD;'></span><span style='display:inline-block; width:30px; font-size:1em;vertical-align:middle; margin-left: 4px'>V</span><span style='display:inline-block; width:50px; text-align:left; font-size:1em; vertical-align:middle'>13.0%</span><br><span style='display:inline-block; width:0.3em; height:1.2em; vertical-align:middle;background:#0075c9;'></span><span style='display:inline-block; width:30px; font-size:1em;vertical-align:middle; margin-left: 4px'>DD</span><span style='display:inline-block; width:50px; text-align:left; font-size:1em; vertical-align:middle'>7.5%</span><br><span style='display:inline-block; width:0.3em; height:1.2em; vertical-align:middle;background:#F00B2F;'></span><span style='display:inline-block; width:30px; font-size:1em;vertical-align:middle; margin-left: 4px'>S</span><span style='display:inline-block; width:50px; text-align:left; font-size:1em; vertical-align:middle'>7.2%</span><br><span style='display:inline-block; width:0.3em; height:1.2em; vertical-align:middle;background:#F257A9;'></span><span style='display:inline-block; width:30px; font-size:1em;vertical-align:middle; margin-left: 4px'>SF</span><span style='display:inline-block; width:50px; text-align:left; font-size:1em; vertical-align:middle'>4.4%</span><br><span style='display:inline-block; width:0.3em; height:1.2em; vertical-align:middle;background:#06691E;'></span><span style='display:inline-block; width:30px; font-size:1em;vertical-align:middle; margin-left: 4px'>K</span><span style='display:inline-block; width:50px; text-align:left; font-size:1em; vertical-align:middle'>3.3%</span><br><span style='display:inline-block; width:0.3em; height:1.2em; vertical-align:middle;background:#494949;'></span><span style='display:inline-block; width:30px; font-size:1em;vertical-align:middle; margin-left: 4px'>Y</span><span style='display:inline-block; width:50px; text-align:left; font-size:1em; vertical-align:middle'>1.7%</span><br><span style='display:inline-block; width:0.3em; height:1.2em; vertical-align:middle;background:#48CEF3;'></span><span style='display:inline-block; width:30px; font-size:1em;vertical-align:middle; margin-left: 4px'>LA</span><span style='display:inline-block; width:50px; text-align:left; font-size:1em; vertical-align:middle'>1.1%</span><br><span style='display:inline-block; width:0.3em; height:1.2em; vertical-align:middle;background:#3CE63D;'></span><span style='display:inline-block; width:30px; font-size:1em;vertical-align:middle; margin-left: 4px'>ALT</span><span style='display:inline-block; width:50px; text-align:left; font-size:1em; vertical-align:middle'>0.8%</span>"
709676;Øster Højst;16;Øster Højst Forsamlingshus;550;51;403619;Kløvervej 10, Øster Højst, 6240 Løgumkloster;Tønder;389168;ForeløbigOptælling;0.0;8.149779735682818;9.691629955947135;2.4229074889867843;1.762114537444934;3.744493392070485;1.9823788546255507;50.881057268722465;6.167400881057269;14.977973568281936;0.2202643171806167;Slesvigsk Parti;"<b style='color:#494949; font-size:1.5em;margin-bottom: 10px'>Slesvigsk Parti</b><br> blev størst på valgstedet Øster Højst Forsamlingshus<br><span style='display:inline-block; width:0.3em; height:1.2em; vertical-align:middle;background:#494949;'></span><span style='display:inline-block; width:30px; font-size:1em;vertical-align:middle; margin-left: 4px'>SP</span><span style='display:inline-block; width:50px; text-align:left; font-size:1em; vertical-align:middle'>50.9%</span><br><span style='display:inline-block; width:0.3em; height:1.2em; vertical-align:middle;background:#0781DD;'></span><span style='display:inline-block; width:30px; font-size:1em;vertical-align:middle; margin-left: 4px'>V</span><span style='display:inline-block; width:50px; text-align:left; font-size:1em; vertical-align:middle'>15.0%</span><br><span style='display:inline-block; width:0.3em; height:1.2em; vertical-align:middle;background:#F6BA00;'></span><span style='display:inline-block; width:30px; font-size:1em;vertical-align:middle; margin-left: 4px'>DF</span><span style='display:inline-block; width:50px; text-align:left; font-size:1em; vertical-align:middle'>9.7%</span><br><span style='display:inline-block; width:0.3em; height:1.2em; vertical-align:middle;background:#0075c9;'></span><span style='display:inline-block; width:30px; font-size:1em;vertical-align:middle; margin-left: 4px'>DD</span><span style='display:inline-block; width:50px; text-align:left; font-size:1em; vertical-align:middle'>8.1%</span><br><span style='display:inline-block; width:0.3em; height:1.2em; vertical-align:middle;background:#494949;'></span><span style='display:inline-block; width:30px; font-size:1em;vertical-align:middle; margin-left: 4px'>T</span><span style='display:inline-block; width:50px; text-align:left; font-size:1em; vertical-align:middle'>6.2%</span><br><span style='display:inline-block; width:0.3em; height:1.2em; vertical-align:middle;background:#F00B2F;'></span><span style='display:inline-block; width:30px; font-size:1em;vertical-align:middle; margin-left: 4px'>S</span><span style='display:inline-block; width:50px; text-align:left; font-size:1em; vertical-align:middle'>3.7%</span><br><span style='display:inline-block; width:0.3em; height:1.2em; vertical-align:middle;background:#06691E;'></span><span style='display:inline-block; width:30px; font-size:1em;vertical-align:middle; margin-left: 4px'>K</span><span style='display:inline-block; width:50px; text-align:left; font-size:1em; vertical-align:middle'>2.4%</span><br><span style='display:inline-block; width:0.3em; height:1.2em; vertical-align:middle;background:#F257A9;'></span><span style='display:inline-block; width:30px; font-size:1em;vertical-align:middle; margin-left: 4px'>SF</span><span style='display:inline-block; width:50px; text-align:left; font-size:1em; vertical-align:middle'>2.0%</span><br><span style='display:inline-block; width:0.3em; height:1.2em; vertical-align:middle;background:#48CEF3;'></span><span style='display:inline-block; width:30px; font-size:1em;vertical-align:middle; margin-left: 4px'>LA</span><span style='display:inline-block; width:50px; text-align:left; font-size:1em; vertical-align:middle'>1.8%</span><br><span style='display:inline-block; width:0.3em; height:1.2em; vertical-align:middle;background:#494949;'></span><span style='display:inline-block; width:30px; font-size:1em;vertical-align:middle; margin-left: 4px'>Y</span><span style='display:inline-block; width:50px; text-align:left; font-size:1em; vertical-align:middle'>0.2%</span><br><span style='display:inline-block; width:0.3em; height:1.2em; vertical-align:middle;background:#3CE63D;'></span><span style='display:inline-block; width:30px; font-size:1em;vertical-align:middle; margin-left: 4px'>ALT</span><span style='display:inline-block; width:50px; text-align:left; font-size:1em; vertical-align:middle'>0.0%</span>"
705162;Vodder;71;Vodder Idrætscenter;550;51;403619;Sportsvej 3, Frifelt, 6780 Skærbæk;Tønder;389168;Fintælling;0.0;6.012658227848101;19.62025316455696;0.949367088607595;5.379746835443038;6.645569620253164;6.962025316455696;11.075949367088606;36.07594936708861;6.329113924050633;0.949367088607595;Tønder Listen;"<b style='color:#494949; font-size:1.5em;margin-bottom: 10px'>Tønder Listen</b><br> blev størst på valgstedet Vodder Idrætscenter<br><span style='display:inline-block; width:0.3em; height:1.2em; vertical-align:middle;background:#494949;'></span><span style='display:inline-block; width:30px; font-size:1em;vertical-align:middle; margin-left: 4px'>T</span><span style='display:inline-block; width:50px; text-align:left; font-size:1em; vertical-align:middle'>36.1%</span><br><span style='display:inline-block; width:0.3em; height:1.2em; vertical-align:middle;background:#F6BA00;'></span><span style='display:inline-block; width:30px; font-size:1em;vertical-align:middle; margin-left: 4px'>DF</span><span style='display:inline-block; width:50px; text-align:left; font-size:1em; vertical-align:middle'>19.6%</span><br><span style='display:inline-block; width:0.3em; height:1.2em; vertical-align:middle;background:#494949;'></span><span style='display:inline-block; width:30px; font-size:1em;vertical-align:middle; margin-left: 4px'>SP</span><span style='display:inline-block; width:50px; text-align:left; font-size:1em; vertical-align:middle'>11.1%</span><br><span style='display:inline-block; width:0.3em; height:1.2em; vertical-align:middle;background:#F257A9;'></span><span style='display:inline-block; width:30px; font-size:1em;vertical-align:middle; margin-left: 4px'>SF</span><span style='display:inline-block; width:50px; text-align:left; font-size:1em; vertical-align:middle'>7.0%</span><br><span style='display:inline-block; width:0.3em; height:1.2em; vertical-align:middle;background:#F00B2F;'></span><span style='display:inline-block; width:30px; font-size:1em;vertical-align:middle; margin-left: 4px'>S</span><span style='display:inline-block; width:50px; text-align:left; font-size:1em; vertical-align:middle'>6.6%</span><br><span style='display:inline-block; width:0.3em; height:1.2em; vertical-align:middle;background:#0781DD;'></span><span style='display:inline-block; width:30px; font-size:1em;vertical-align:middle; margin-left: 4px'>V</span><span style='display:inline-block; width:50px; text-align:left; font-size:1em; vertical-align:middle'>6.3%</span><br><span style='display:inline-block; width:0.3em; height:1.2em; vertical-align:middle;background:#0075c9;'></span><span style='display:inline-block; width:30px; font-size:1em;vertical-align:middle; margin-left: 4px'>DD</span><span style='display:inline-block; width:50px; text-align:left; font-size:1em; vertical-align:middle'>6.0%</span><br><span style='display:inline-block; width:0.3em; height:1.2em; vertical-align:middle;background:#48CEF3;'></span><span style='display:inline-block; width:30px; font-size:1em;vertical-align:middle; margin-left: 4px'>LA</span><span style='display:inline-block; width:50px; text-align:left; font-size:1em; vertical-align:middle'>5.4%</span><br><span style='display:inline-block; width:0.3em; height:1.2em; vertical-align:middle;background:#06691E;'></span><span style='display:inline-block; width:30px; font-size:1em;vertical-align:middle; margin-left: 4px'>K</span><span style='display:inline-block; width:50px; text-align:left; font-size:1em; vertical-align:middle'>0.9%</span><br><span style='display:inline-block; width:0.3em; height:1.2em; vertical-align:middle;background:#494949;'></span><span style='display:inline-block; width:30px; font-size:1em;vertical-align:middle; margin-left: 4px'>Y</span><span style='display:inline-block; width:50px; text-align:left; font-size:1em; vertical-align:middle'>0.9%</span><br><span style='display:inline-block; width:0.3em; height:1.2em; vertical-align:middle;background:#3CE63D;'></span><span style='display:inline-block; width:30px; font-size:1em;vertical-align:middle; margin-left: 4px'>ALT</span><span style='display:inline-block; width:50px; text-align:left; font-size:1em; vertical-align:middle'>0.0%</span>"
701800;Toftlund;23;Manufakturen, Toftlund Musik og Teaterhus;550;51;403619;Søren Jensens Vej 2, 6520 Toftlund;Tønder;389168;ForeløbigOptælling;0.4545454545454545;4.136363636363637;8.454545454545455;2.0454545454545454;2.090909090909091;12.136363636363637;3.5000000000000004;14.363636363636363;14.909090909090908;37.81818181818182;0.0909090909090909;Venstre;"<b style='color:#0781DD; font-size:1.5em;margin-bottom: 10px'>Venstre</b><br> blev størst på valgstedet Manufakturen, Toftlund Musik og Teaterhus<br><span style='display:inline-block; width:0.3em; height:1.2em; vertical-align:middle;background:#0781DD;'></span><span style='display:inline-block; width:30px; font-size:1em;vertical-align:middle; margin-left: 4px'>V</span><span style='display:inline-block; width:50px; text-align:left; font-size:1em; vertical-align:middle'>37.8%</span><br><span style='display:inline-block; width:0.3em; height:1.2em; vertical-align:middle;background:#494949;'></span><span style='display:inline-block; width:30px; font-size:1em;vertical-align:middle; margin-left: 4px'>T</span><span style='display:inline-block; width:50px; text-align:left; font-size:1em; vertical-align:middle'>14.9%</span><br><span style='display:inline-block; width:0.3em; height:1.2em; vertical-align:middle;background:#494949;'></span><span style='display:inline-block; width:30px; font-size:1em;vertical-align:middle; margin-left: 4px'>SP</span><span style='display:inline-block; width:50px; text-align:left; font-size:1em; vertical-align:middle'>14.4%</span><br><span style='display:inline-block; width:0.3em; height:1.2em; vertical-align:middle;background:#F00B2F;'></span><span style='display:inline-block; width:30px; font-size:1em;vertical-align:middle; margin-left: 4px'>S</span><span style='display:inline-block; width:50px; text-align:left; font-size:1em; vertical-align:middle'>12.1%</span><br><span style='display:inline-block; width:0.3em; height:1.2em; vertical-align:middle;background:#F6BA00;'></span><span style='display:inline-block; width:30px; font-size:1em;vertical-align:middle; margin-left: 4px'>DF</span><span style='display:inline-block; width:50px; text-align:left; font-size:1em; vertical-align:middle'>8.5%</span><br><span style='display:inline-block; width:0.3em; height:1.2em; vertical-align:middle;background:#0075c9;'></span><span style='display:inline-block; width:30px; font-size:1em;vertical-align:middle; margin-left: 4px'>DD</span><span style='display:inline-block; width:50px; text-align:left; font-size:1em; vertical-align:middle'>4.1%</span><br><span style='display:inline-block; width:0.3em; height:1.2em; vertical-align:middle;background:#F257A9;'></span><span style='display:inline-block; width:30px; font-size:1em;vertical-align:middle; margin-left: 4px'>SF</span><span style='display:inline-block; width:50px; text-align:left; font-size:1em; vertical-align:middle'>3.5%</span><br><span style='display:inline-block; width:0.3em; height:1.2em; vertical-align:middle;background:#48CEF3;'></span><span style='display:inline-block; width:30px; font-size:1em;vertical-align:middle; margin-left: 4px'>LA</span><span style='display:inline-block; width:50px; text-align:left; font-size:1em; vertical-align:middle'>2.1%</span><br><span style='display:inline-block; width:0.3em; height:1.2em; vertical-align:middle;background:#06691E;'></span><span style='display:inline-block; width:30px; font-size:1em;vertical-align:middle; margin-left: 4px'>K</span><span style='display:inline-block; width:50px; text-align:left; font-size:1em; vertical-align:middle'>2.0%</span><br><span style='display:inline-block; width:0.3em; height:1.2em; vertical-align:middle;background:#3CE63D;'></span><span style='display:inline-block; width:30px; font-size:1em;vertical-align:middle; margin-left: 4px'>ALT</span><span style='display:inline-block; width:50px; text-align:left; font-size:1em; vertical-align:middle'>0.5%</span><br><span style='display:inline-block; width:0.3em; height:1.2em; vertical-align:middle;background:#494949;'></span><span style='display:inline-block; width:30px; font-size:1em;vertical-align:middle; margin-left: 4px'>Y</span><span style='display:inline-block; width:50px; text-align:left; font-size:1em; vertical-align:middle'>0.1%</span>"
709622;Branderup;19;Branderup Forsamlingshus;550;51;403619;Sandbjergvej 36, 6535 Branderup J;Tønder;389168;Fintælling;0.0;8.097165991902834;10.931174089068826;2.834008097165992;4.048582995951417;9.31174089068826;4.048582995951417;20.242914979757085;10.526315789473683;29.554655870445345;0.4048582995951417;Venstre;"<b style='color:#0781DD; font-size:1.5em;margin-bottom: 10px'>Venstre</b><br> blev størst på valgstedet Branderup Forsamlingshus<br><span style='display:inline-block; width:0.3em; height:1.2em; vertical-align:middle;background:#0781DD;'></span><span style='display:inline-block; width:30px; font-size:1em;vertical-align:middle; margin-left: 4px'>V</span><span style='display:inline-block; width:50px; text-align:left; font-size:1em; vertical-align:middle'>29.6%</span><br><span style='display:inline-block; width:0.3em; height:1.2em; vertical-align:middle;background:#494949;'></span><span style='display:inline-block; width:30px; font-size:1em;vertical-align:middle; margin-left: 4px'>SP</span><span style='display:inline-block; width:50px; text-align:left; font-size:1em; vertical-align:middle'>20.2%</span><br><span style='display:inline-block; width:0.3em; height:1.2em; vertical-align:middle;background:#F6BA00;'></span><span style='display:inline-block; width:30px; font-size:1em;vertical-align:middle; margin-left: 4px'>DF</span><span style='display:inline-block; width:50px; text-align:left; font-size:1em; vertical-align:middle'>10.9%</span><br><span style='display:inline-block; width:0.3em; height:1.2em; vertical-align:middle;background:#494949;'></span><span style='display:inline-block; width:30px; font-size:1em;vertical-align:middle; margin-left: 4px'>T</span><span style='display:inline-block; width:50px; text-align:left; font-size:1em; vertical-align:middle'>10.5%</span><br><span style='display:inline-block; width:0.3em; height:1.2em; vertical-align:middle;background:#F00B2F;'></span><span style='display:inline-block; width:30px; font-size:1em;vertical-align:middle; margin-left: 4px'>S</span><span style='display:inline-block; width:50px; text-align:left; font-size:1em; vertical-align:middle'>9.3%</span><br><span style='display:inline-block; width:0.3em; height:1.2em; vertical-align:middle;background:#0075c9;'></span><span style='display:inline-block; width:30px; font-size:1em;vertical-align:middle; margin-left: 4px'>DD</span><span style='display:inline-block; width:50px; text-align:left; font-size:1em; vertical-align:middle'>8.1%</span><br><span style='display:inline-block; width:0.3em; height:1.2em; vertical-align:middle;background:#48CEF3;'></span><span style='display:inline-block; width:30px; font-size:1em;vertical-align:middle; margin-left: 4px'>LA</span><span style='display:inline-block; width:50px; text-align:left; font-size:1em; vertical-align:middle'>4.0%</span><br><span style='display:inline-block; width:0.3em; height:1.2em; vertical-align:middle;background:#F257A9;'></span><span style='display:inline-block; width:30px; font-size:1em;vertical-align:middle; margin-left: 4px'>SF</span><span style='display:inline-block; width:50px; text-align:left; font-size:1em; vertical-align:middle'>4.0%</span><br><span style='display:inline-block; width:0.3em; height:1.2em; vertical-align:middle;background:#06691E;'></span><span style='display:inline-block; width:30px; font-size:1em;vertical-align:middle; margin-left: 4px'>K</span><span style='display:inline-block; width:50px; text-align:left; font-size:1em; vertical-align:middle'>2.8%</span><br><span style='display:inline-block; width:0.3em; height:1.2em; vertical-align:middle;background:#494949;'></span><span style='display:inline-block; width:30px; font-size:1em;vertical-align:middle; margin-left: 4px'>Y</span><span style='display:inline-block; width:50px; text-align:left; font-size:1em; vertical-align:middle'>0.4%</span><br><span style='display:inline-block; width:0.3em; height:1.2em; vertical-align:middle;background:#3CE63D;'></span><span style='display:inline-block; width:30px; font-size:1em;vertical-align:middle; margin-left: 4px'>ALT</span><span style='display:inline-block; width:50px; text-align:left; font-size:1em; vertical-align:middle'>0.0%</span>"
701834;Løgumkloster;12;Klosterhallerne (Multihallen);550;51;403619;Idrætsvej 3, 6240 Løgumkloster;Tønder;389168;ForeløbigOptælling;0.4899292324442025;4.953728905824714;6.205770277626565;1.905280348394121;2.0685900925421885;9.308655416439846;3.8649972781709305;45.998911268372346;10.887316276537836;13.66358192705498;0.6532389765922699;Slesvigsk Parti;"<b style='color:#494949; font-size:1.5em;margin-bottom: 10px'>Slesvigsk Parti</b><br> blev størst på valgstedet Klosterhallerne (Multihallen)<br><span style='display:inline-block; width:0.3em; height:1.2em; vertical-align:middle;background:#494949;'></span><span style='display:inline-block; width:30px; font-size:1em;vertical-align:middle; margin-left: 4px'>SP</span><span style='display:inline-block; width:50px; text-align:left; font-size:1em; vertical-align:middle'>46.0%</span><br><span style='display:inline-block; width:0.3em; height:1.2em; vertical-align:middle;background:#0781DD;'></span><span style='display:inline-block; width:30px; font-size:1em;vertical-align:middle; margin-left: 4px'>V</span><span style='display:inline-block; width:50px; text-align:left; font-size:1em; vertical-align:middle'>13.7%</span><br><span style='display:inline-block; width:0.3em; height:1.2em; vertical-align:middle;background:#494949;'></span><span style='display:inline-block; width:30px; font-size:1em;vertical-align:middle; margin-left: 4px'>T</span><span style='display:inline-block; width:50px; text-align:left; font-size:1em; vertical-align:middle'>10.9%</span><br><span style='display:inline-block; width:0.3em; height:1.2em; vertical-align:middle;background:#F00B2F;'></span><span style='display:inline-block; width:30px; font-size:1em;vertical-align:middle; margin-left: 4px'>S</span><span style='display:inline-block; width:50px; text-align:left; font-size:1em; vertical-align:middle'>9.3%</span><br><span style='display:inline-block; width:0.3em; height:1.2em; vertical-align:middle;background:#F6BA00;'></span><span style='display:inline-block; width:30px; font-size:1em;vertical-align:middle; margin-left: 4px'>DF</span><span style='display:inline-block; width:50px; text-align:left; font-size:1em; vertical-align:middle'>6.2%</span><br><span style='display:inline-block; width:0.3em; height:1.2em; vertical-align:middle;background:#0075c9;'></span><span style='display:inline-block; width:30px; font-size:1em;vertical-align:middle; margin-left: 4px'>DD</span><span style='display:inline-block; width:50px; text-align:left; font-size:1em; vertical-align:middle'>5.0%</span><br><span style='display:inline-block; width:0.3em; height:1.2em; vertical-align:middle;background:#F257A9;'></span><span style='display:inline-block; width:30px; font-size:1em;vertical-align:middle; margin-left: 4px'>SF</span><span style='display:inline-block; width:50px; text-align:left; font-size:1em; vertical-align:middle'>3.9%</span><br><span style='display:inline-block; width:0.3em; height:1.2em; vertical-align:middle;background:#48CEF3;'></span><span style='display:inline-block; width:30px; font-size:1em;vertical-align:middle; margin-left: 4px'>LA</span><span style='display:inline-block; width:50px; text-align:left; font-size:1em; vertical-align:middle'>2.1%</span><br><span style='display:inline-block; width:0.3em; height:1.2em; vertical-align:middle;background:#06691E;'></span><span style='display:inline-block; width:30px; font-size:1em;vertical-align:middle; margin-left: 4px'>K</span><span style='display:inline-block; width:50px; text-align:left; font-size:1em; vertical-align:middle'>1.9%</span><br><span style='display:inline-block; width:0.3em; height:1.2em; vertical-align:middle;background:#494949;'></span><span style='display:inline-block; width:30px; font-size:1em;vertical-align:middle; margin-left: 4px'>Y</span><span style='display:inline-block; width:50px; text-align:left; font-size:1em; vertical-align:middle'>0.7%</span><br><span style='display:inline-block; width:0.3em; height:1.2em; vertical-align:middle;background:#3CE63D;'></span><span style='display:inline-block; width:30px; font-size:1em;vertical-align:middle; margin-left: 4px'>ALT</span><span style='display:inline-block; width:50px; text-align:left; font-size:1em; vertical-align:middle'>0.5%</span>"
705128;Rømø;51;Havneby Kro;550;51;403619;Skansen 3, Havneby, 6792 Rømø;Tønder;389168;ForeløbigOptælling;0.872093023255814;3.77906976744186;20.348837209302324;2.616279069767442;2.9069767441860463;20.63953488372093;6.104651162790697;9.30232558139535;13.662790697674415;18.313953488372093;1.4534883720930232;Socialdemokratiet;"<b style='color:#F00B2F; font-size:1.5em;margin-bottom: 10px'>Socialdemokratiet</b><br> blev størst på valgstedet Havneby Kro<br><span style='display:inline-block; width:0.3em; height:1.2em; vertical-align:middle;background:#F00B2F;'></span><span style='display:inline-block; width:30px; font-size:1em;vertical-align:middle; margin-left: 4px'>S</span><span style='display:inline-block; width:50px; text-align:left; font-size:1em; vertical-align:middle'>20.6%</span><br><span style='display:inline-block; width:0.3em; height:1.2em; vertical-align:middle;background:#F6BA00;'></span><span style='display:inline-block; width:30px; font-size:1em;vertical-align:middle; margin-left: 4px'>DF</span><span style='display:inline-block; width:50px; text-align:left; font-size:1em; vertical-align:middle'>20.3%</span><br><span style='display:inline-block; width:0.3em; height:1.2em; vertical-align:middle;background:#0781DD;'></span><span style='display:inline-block; width:30px; font-size:1em;vertical-align:middle; margin-left: 4px'>V</span><span style='display:inline-block; width:50px; text-align:left; font-size:1em; vertical-align:middle'>18.3%</span><br><span style='display:inline-block; width:0.3em; height:1.2em; vertical-align:middle;background:#494949;'></span><span style='display:inline-block; width:30px; font-size:1em;vertical-align:middle; margin-left: 4px'>T</span><span style='display:inline-block; width:50px; text-align:left; font-size:1em; vertical-align:middle'>13.7%</span><br><span style='display:inline-block; width:0.3em; height:1.2em; vertical-align:middle;background:#494949;'></span><span style='display:inline-block; width:30px; font-size:1em;vertical-align:middle; margin-left: 4px'>SP</span><span style='display:inline-block; width:50px; text-align:left; font-size:1em; vertical-align:middle'>9.3%</span><br><span style='display:inline-block; width:0.3em; height:1.2em; vertical-align:middle;background:#F257A9;'></span><span style='display:inline-block; width:30px; font-size:1em;vertical-align:middle; margin-left: 4px'>SF</span><span style='display:inline-block; width:50px; text-align:left; font-size:1em; vertical-align:middle'>6.1%</span><br><span style='display:inline-block; width:0.3em; height:1.2em; vertical-align:middle;background:#0075c9;'></span><span style='display:inline-block; width:30px; font-size:1em;vertical-align:middle; margin-left: 4px'>DD</span><span style='display:inline-block; width:50px; text-align:left; font-size:1em; vertical-align:middle'>3.8%</span><br><span style='display:inline-block; width:0.3em; height:1.2em; vertical-align:middle;background:#48CEF3;'></span><span style='display:inline-block; width:30px; font-size:1em;vertical-align:middle; margin-left: 4px'>LA</span><span style='display:inline-block; width:50px; text-align:left; font-size:1em; vertical-align:middle'>2.9%</span><br><span style='display:inline-block; width:0.3em; height:1.2em; vertical-align:middle;background:#06691E;'></span><span style='display:inline-block; width:30px; font-size:1em;vertical-align:middle; margin-left: 4px'>K</span><span style='display:inline-block; width:50px; text-align:left; font-size:1em; vertical-align:middle'>2.6%</span><br><span style='display:inline-block; width:0.3em; height:1.2em; vertical-align:middle;background:#494949;'></span><span style='display:inline-block; width:30px; font-size:1em;vertical-align:middle; margin-left: 4px'>Y</span><span style='display:inline-block; width:50px; text-align:left; font-size:1em; vertical-align:middle'>1.5%</span><br><span style='display:inline-block; width:0.3em; height:1.2em; vertical-align:middle;background:#3CE63D;'></span><span style='display:inline-block; width:30px; font-size:1em;vertical-align:middle; margin-left: 4px'>ALT</span><span style='display:inline-block; width:50px; text-align:left; font-size:1em; vertical-align:middle'>0.9%</span>"
711072;Visby;3;Visby Forsamlingshus;550;51;403619;Parkvej 1, Visby, 6261 Bredebro;Tønder;389168;Fintælling;0.7092198581560284;6.028368794326241;13.120567375886525;6.028368794326241;2.8368794326241136;10.99290780141844;1.0638297872340423;32.62411347517731;13.120567375886525;12.76595744680851;0.7092198581560284;Slesvigsk Parti;"<b style='color:#494949; font-size:1.5em;margin-bottom: 10px'>Slesvigsk Parti</b><br> blev størst på valgstedet Visby Forsamlingshus<br><span style='display:inline-block; width:0.3em; height:1.2em; vertical-align:middle;background:#494949;'></span><span style='display:inline-block; width:30px; font-size:1em;vertical-align:middle; margin-left: 4px'>SP</span><span style='display:inline-block; width:50px; text-align:left; font-size:1em; vertical-align:middle'>32.6%</span><br><span style='display:inline-block; width:0.3em; height:1.2em; vertical-align:middle;background:#F6BA00;'></span><span style='display:inline-block; width:30px; font-size:1em;vertical-align:middle; margin-left: 4px'>DF</span><span style='display:inline-block; width:50px; text-align:left; font-size:1em; vertical-align:middle'>13.1%</span><br><span style='display:inline-block; width:0.3em; height:1.2em; vertical-align:middle;background:#494949;'></span><span style='display:inline-block; width:30px; font-size:1em;vertical-align:middle; margin-left: 4px'>T</span><span style='display:inline-block; width:50px; text-align:left; font-size:1em; vertical-align:middle'>13.1%</span><br><span style='display:inline-block; width:0.3em; height:1.2em; vertical-align:middle;background:#0781DD;'></span><span style='display:inline-block; width:30px; font-size:1em;vertical-align:middle; margin-left: 4px'>V</span><span style='display:inline-block; width:50px; text-align:left; font-size:1em; vertical-align:middle'>12.8%</span><br><span style='display:inline-block; width:0.3em; height:1.2em; vertical-align:middle;background:#F00B2F;'></span><span style='display:inline-block; width:30px; font-size:1em;vertical-align:middle; margin-left: 4px'>S</span><span style='display:inline-block; width:50px; text-align:left; font-size:1em; vertical-align:middle'>11.0%</span><br><span style='display:inline-block; width:0.3em; height:1.2em; vertical-align:middle;background:#0075c9;'></span><span style='display:inline-block; width:30px; font-size:1em;vertical-align:middle; margin-left: 4px'>DD</span><span style='display:inline-block; width:50px; text-align:left; font-size:1em; vertical-align:middle'>6.0%</span><br><span style='display:inline-block; width:0.3em; height:1.2em; vertical-align:middle;background:#06691E;'></span><span style='display:inline-block; width:30px; font-size:1em;vertical-align:middle; margin-left: 4px'>K</span><span style='display:inline-block; width:50px; text-align:left; font-size:1em; vertical-align:middle'>6.0%</span><br><span style='display:inline-block; width:0.3em; height:1.2em; vertical-align:middle;background:#48CEF3;'></span><span style='display:inline-block; width:30px; font-size:1em;vertical-align:middle; margin-left: 4px'>LA</span><span style='display:inline-block; width:50px; text-align:left; font-size:1em; vertical-align:middle'>2.8%</span><br><span style='display:inline-block; width:0.3em; height:1.2em; vertical-align:middle;background:#F257A9;'></span><span style='display:inline-block; width:30px; font-size:1em;vertical-align:middle; margin-left: 4px'>SF</span><span style='display:inline-block; width:50px; text-align:left; font-size:1em; vertical-align:middle'>1.1%</span><br><span style='display:inline-block; width:0.3em; height:1.2em; vertical-align:middle;background:#3CE63D;'></span><span style='display:inline-block; width:30px; font-size:1em;vertical-align:middle; margin-left: 4px'>ALT</span><span style='display:inline-block; width:50px; text-align:left; font-size:1em; vertical-align:middle'>0.7%</span><br><span style='display:inline-block; width:0.3em; height:1.2em; vertical-align:middle;background:#494949;'></span><span style='display:inline-block; width:30px; font-size:1em;vertical-align:middle; margin-left: 4px'>Y</span><span style='display:inline-block; width:50px; text-align:left; font-size:1em; vertical-align:middle'>0.7%</span>"
711078;Brøns;24;Rejsby Europæiske Efterskole;550;51;403619;Kogsvej 3, Rejsby, 6780 Skærbæk;Tønder;389168;ForeløbigOptælling;1.6096579476861168;8.450704225352112;17.706237424547282;1.4084507042253522;10.46277665995976;7.645875251509055;6.036217303822937;5.633802816901409;31.58953722334004;6.639839034205232;2.8169014084507045;Tønder Listen;"<b style='color:#494949; font-size:1.5em;margin-bottom: 10px'>Tønder Listen</b><br> blev størst på valgstedet Rejsby Europæiske Efterskole<br><span style='display:inline-block; width:0.3em; height:1.2em; vertical-align:middle;background:#494949;'></span><span style='display:inline-block; width:30px; font-size:1em;vertical-align:middle; margin-left: 4px'>T</span><span style='display:inline-block; width:50px; text-align:left; font-size:1em; vertical-align:middle'>31.6%</span><br><span style='display:inline-block; width:0.3em; height:1.2em; vertical-align:middle;background:#F6BA00;'></span><span style='display:inline-block; width:30px; font-size:1em;vertical-align:middle; margin-left: 4px'>DF</span><span style='display:inline-block; width:50px; text-align:left; font-size:1em; vertical-align:middle'>17.7%</span><br><span style='display:inline-block; width:0.3em; height:1.2em; vertical-align:middle;background:#48CEF3;'></span><span style='display:inline-block; width:30px; font-size:1em;vertical-align:middle; margin-left: 4px'>LA</span><span style='display:inline-block; width:50px; text-align:left; font-size:1em; vertical-align:middle'>10.5%</span><br><span style='display:inline-block; width:0.3em; height:1.2em; vertical-align:middle;background:#0075c9;'></span><span style='display:inline-block; width:30px; font-size:1em;vertical-align:middle; margin-left: 4px'>DD</span><span style='display:inline-block; width:50px; text-align:left; font-size:1em; vertical-align:middle'>8.5%</span><br><span style='display:inline-block; width:0.3em; height:1.2em; vertical-align:middle;background:#F00B2F;'></span><span style='display:inline-block; width:30px; font-size:1em;vertical-align:middle; margin-left: 4px'>S</span><span style='display:inline-block; width:50px; text-align:left; font-size:1em; vertical-align:middle'>7.6%</span><br><span style='display:inline-block; width:0.3em; height:1.2em; vertical-align:middle;background:#0781DD;'></span><span style='display:inline-block; width:30px; font-size:1em;vertical-align:middle; margin-left: 4px'>V</span><span style='display:inline-block; width:50px; text-align:left; font-size:1em; vertical-align:middle'>6.6%</span><br><span style='display:inline-block; width:0.3em; height:1.2em; vertical-align:middle;background:#F257A9;'></span><span style='display:inline-block; width:30px; font-size:1em;vertical-align:middle; margin-left: 4px'>SF</span><span style='display:inline-block; width:50px; text-align:left; font-size:1em; vertical-align:middle'>6.0%</span><br><span style='display:inline-block; width:0.3em; height:1.2em; vertical-align:middle;background:#494949;'></span><span style='display:inline-block; width:30px; font-size:1em;vertical-align:middle; margin-left: 4px'>SP</span><span style='display:inline-block; width:50px; text-align:left; font-size:1em; vertical-align:middle'>5.6%</span><br><span style='display:inline-block; width:0.3em; height:1.2em; vertical-align:middle;background:#494949;'></span><span style='display:inline-block; width:30px; font-size:1em;vertical-align:middle; margin-left: 4px'>Y</span><span style='display:inline-block; width:50px; text-align:left; font-size:1em; vertical-align:middle'>2.8%</span><br><span style='display:inline-block; width:0.3em; height:1.2em; vertical-align:middle;background:#3CE63D;'></span><span style='display:inline-block; width:30px; font-size:1em;vertical-align:middle; margin-left: 4px'>ALT</span><span style='display:inline-block; width:50px; text-align:left; font-size:1em; vertical-align:middle'>1.6%</span><br><span style='display:inline-block; width:0.3em; height:1.2em; vertical-align:middle;background:#06691E;'></span><span style='display:inline-block; width:30px; font-size:1em;vertical-align:middle; margin-left: 4px'>K</span><span style='display:inline-block; width:50px; text-align:left; font-size:1em; vertical-align:middle'>1.4%</span>"
