dagi_id;navn;nummer;afstemningssted_navn;kommune_id;opstillingskreds_nummer;opstillingskreds_dagi_id;afstemningssted_adresse;kommune_navn;kommune_dagi_id;resultat_art;D;DD;DF;EL;J;K;KD;LA;S;SF;V;største_parti;pop_up
706404;Holmsland;2;Holmsland Idræts- og Kulturcenter;760;83;403580;Bandsbyvej 2, Holmsland, 6950 Ringkøbing;Ringkøbing-Skjern;389184;ForeløbigOptælling;0.2554278416347382;25.03192848020434;2.4265644955300125;0.8939974457215836;2.937420178799489;6.896551724137931;11.11111111111111;5.874840357598978;8.55683269476373;9.323116219667943;26.69220945083014;Venstre;"<b style='color:#0781DD; font-size:1.5em;margin-bottom: 10px'>Venstre</b><br> blev størst på valgstedet Holmsland Idræts- og Kulturcenter<br><span style='display:inline-block; width:0.3em; height:1.2em; vertical-align:middle;background:#0781DD;'></span><span style='display:inline-block; width:30px; font-size:1em;vertical-align:middle; margin-left: 4px'>V</span><span style='display:inline-block; width:50px; text-align:left; font-size:1em; vertical-align:middle'>26.7%</span><br><span style='display:inline-block; width:0.3em; height:1.2em; vertical-align:middle;background:#0075c9;'></span><span style='display:inline-block; width:30px; font-size:1em;vertical-align:middle; margin-left: 4px'>DD</span><span style='display:inline-block; width:50px; text-align:left; font-size:1em; vertical-align:middle'>25.0%</span><br><span style='display:inline-block; width:0.3em; height:1.2em; vertical-align:middle;background:#8B8474;'></span><span style='display:inline-block; width:30px; font-size:1em;vertical-align:middle; margin-left: 4px'>KD</span><span style='display:inline-block; width:50px; text-align:left; font-size:1em; vertical-align:middle'>11.1%</span><br><span style='display:inline-block; width:0.3em; height:1.2em; vertical-align:middle;background:#F257A9;'></span><span style='display:inline-block; width:30px; font-size:1em;vertical-align:middle; margin-left: 4px'>SF</span><span style='display:inline-block; width:50px; text-align:left; font-size:1em; vertical-align:middle'>9.3%</span><br><span style='display:inline-block; width:0.3em; height:1.2em; vertical-align:middle;background:#F00B2F;'></span><span style='display:inline-block; width:30px; font-size:1em;vertical-align:middle; margin-left: 4px'>S</span><span style='display:inline-block; width:50px; text-align:left; font-size:1em; vertical-align:middle'>8.6%</span><br><span style='display:inline-block; width:0.3em; height:1.2em; vertical-align:middle;background:#06691E;'></span><span style='display:inline-block; width:30px; font-size:1em;vertical-align:middle; margin-left: 4px'>K</span><span style='display:inline-block; width:50px; text-align:left; font-size:1em; vertical-align:middle'>6.9%</span><br><span style='display:inline-block; width:0.3em; height:1.2em; vertical-align:middle;background:#48CEF3;'></span><span style='display:inline-block; width:30px; font-size:1em;vertical-align:middle; margin-left: 4px'>LA</span><span style='display:inline-block; width:50px; text-align:left; font-size:1em; vertical-align:middle'>5.9%</span><br><span style='display:inline-block; width:0.3em; height:1.2em; vertical-align:middle;background:#494949;'></span><span style='display:inline-block; width:30px; font-size:1em;vertical-align:middle; margin-left: 4px'>J</span><span style='display:inline-block; width:50px; text-align:left; font-size:1em; vertical-align:middle'>2.9%</span><br><span style='display:inline-block; width:0.3em; height:1.2em; vertical-align:middle;background:#F6BA00;'></span><span style='display:inline-block; width:30px; font-size:1em;vertical-align:middle; margin-left: 4px'>DF</span><span style='display:inline-block; width:50px; text-align:left; font-size:1em; vertical-align:middle'>2.4%</span><br><span style='display:inline-block; width:0.3em; height:1.2em; vertical-align:middle;background:#FF7400;'></span><span style='display:inline-block; width:30px; font-size:1em;vertical-align:middle; margin-left: 4px'>EL</span><span style='display:inline-block; width:50px; text-align:left; font-size:1em; vertical-align:middle'>0.9%</span><br><span style='display:inline-block; width:0.3em; height:1.2em; vertical-align:middle;background:#494949;'></span><span style='display:inline-block; width:30px; font-size:1em;vertical-align:middle; margin-left: 4px'>D</span><span style='display:inline-block; width:50px; text-align:left; font-size:1em; vertical-align:middle'>0.3%</span>"
705180;Ringkøbing;14;ROFI-Centret, Hal 2;760;83;403580;Kirkevej 26, Rindum, 6950 Ringkøbing;Ringkøbing-Skjern;389184;ForeløbigOptælling;0.3626473254759746;17.55213055303717;1.940163191296464;1.341795104261106;1.8676337262012692;10.806890299184044;12.910244786944697;3.6808703535811422;11.58658204895739;13.961922030825022;23.98912058023572;Venstre;"<b style='color:#0781DD; font-size:1.5em;margin-bottom: 10px'>Venstre</b><br> blev størst på valgstedet ROFI-Centret, Hal 2<br><span style='display:inline-block; width:0.3em; height:1.2em; vertical-align:middle;background:#0781DD;'></span><span style='display:inline-block; width:30px; font-size:1em;vertical-align:middle; margin-left: 4px'>V</span><span style='display:inline-block; width:50px; text-align:left; font-size:1em; vertical-align:middle'>24.0%</span><br><span style='display:inline-block; width:0.3em; height:1.2em; vertical-align:middle;background:#0075c9;'></span><span style='display:inline-block; width:30px; font-size:1em;vertical-align:middle; margin-left: 4px'>DD</span><span style='display:inline-block; width:50px; text-align:left; font-size:1em; vertical-align:middle'>17.6%</span><br><span style='display:inline-block; width:0.3em; height:1.2em; vertical-align:middle;background:#F257A9;'></span><span style='display:inline-block; width:30px; font-size:1em;vertical-align:middle; margin-left: 4px'>SF</span><span style='display:inline-block; width:50px; text-align:left; font-size:1em; vertical-align:middle'>14.0%</span><br><span style='display:inline-block; width:0.3em; height:1.2em; vertical-align:middle;background:#8B8474;'></span><span style='display:inline-block; width:30px; font-size:1em;vertical-align:middle; margin-left: 4px'>KD</span><span style='display:inline-block; width:50px; text-align:left; font-size:1em; vertical-align:middle'>12.9%</span><br><span style='display:inline-block; width:0.3em; height:1.2em; vertical-align:middle;background:#F00B2F;'></span><span style='display:inline-block; width:30px; font-size:1em;vertical-align:middle; margin-left: 4px'>S</span><span style='display:inline-block; width:50px; text-align:left; font-size:1em; vertical-align:middle'>11.6%</span><br><span style='display:inline-block; width:0.3em; height:1.2em; vertical-align:middle;background:#06691E;'></span><span style='display:inline-block; width:30px; font-size:1em;vertical-align:middle; margin-left: 4px'>K</span><span style='display:inline-block; width:50px; text-align:left; font-size:1em; vertical-align:middle'>10.8%</span><br><span style='display:inline-block; width:0.3em; height:1.2em; vertical-align:middle;background:#48CEF3;'></span><span style='display:inline-block; width:30px; font-size:1em;vertical-align:middle; margin-left: 4px'>LA</span><span style='display:inline-block; width:50px; text-align:left; font-size:1em; vertical-align:middle'>3.7%</span><br><span style='display:inline-block; width:0.3em; height:1.2em; vertical-align:middle;background:#F6BA00;'></span><span style='display:inline-block; width:30px; font-size:1em;vertical-align:middle; margin-left: 4px'>DF</span><span style='display:inline-block; width:50px; text-align:left; font-size:1em; vertical-align:middle'>1.9%</span><br><span style='display:inline-block; width:0.3em; height:1.2em; vertical-align:middle;background:#494949;'></span><span style='display:inline-block; width:30px; font-size:1em;vertical-align:middle; margin-left: 4px'>J</span><span style='display:inline-block; width:50px; text-align:left; font-size:1em; vertical-align:middle'>1.9%</span><br><span style='display:inline-block; width:0.3em; height:1.2em; vertical-align:middle;background:#FF7400;'></span><span style='display:inline-block; width:30px; font-size:1em;vertical-align:middle; margin-left: 4px'>EL</span><span style='display:inline-block; width:50px; text-align:left; font-size:1em; vertical-align:middle'>1.3%</span><br><span style='display:inline-block; width:0.3em; height:1.2em; vertical-align:middle;background:#494949;'></span><span style='display:inline-block; width:30px; font-size:1em;vertical-align:middle; margin-left: 4px'>D</span><span style='display:inline-block; width:50px; text-align:left; font-size:1em; vertical-align:middle'>0.4%</span>"
703684;Spjald;35;Spjald Kulturhus;760;83;403580;Nr Søndergårdsvej 1, 6971 Spjald;Ringkøbing-Skjern;389184;ForeløbigOptælling;0.6100422336931018;32.4730173627405;2.346316283435007;0.5631159080244017;1.267010793054904;1.5954950727358048;12.81088690755514;4.035664007508212;10.089160018770531;6.80431722196152;27.40497419052088;Danmarksdemokraterne;"<b style='color:#0075c9; font-size:1.5em;margin-bottom: 10px'>Danmarksdemokraterne</b><br> blev størst på valgstedet Spjald Kulturhus<br><span style='display:inline-block; width:0.3em; height:1.2em; vertical-align:middle;background:#0075c9;'></span><span style='display:inline-block; width:30px; font-size:1em;vertical-align:middle; margin-left: 4px'>DD</span><span style='display:inline-block; width:50px; text-align:left; font-size:1em; vertical-align:middle'>32.5%</span><br><span style='display:inline-block; width:0.3em; height:1.2em; vertical-align:middle;background:#0781DD;'></span><span style='display:inline-block; width:30px; font-size:1em;vertical-align:middle; margin-left: 4px'>V</span><span style='display:inline-block; width:50px; text-align:left; font-size:1em; vertical-align:middle'>27.4%</span><br><span style='display:inline-block; width:0.3em; height:1.2em; vertical-align:middle;background:#8B8474;'></span><span style='display:inline-block; width:30px; font-size:1em;vertical-align:middle; margin-left: 4px'>KD</span><span style='display:inline-block; width:50px; text-align:left; font-size:1em; vertical-align:middle'>12.8%</span><br><span style='display:inline-block; width:0.3em; height:1.2em; vertical-align:middle;background:#F00B2F;'></span><span style='display:inline-block; width:30px; font-size:1em;vertical-align:middle; margin-left: 4px'>S</span><span style='display:inline-block; width:50px; text-align:left; font-size:1em; vertical-align:middle'>10.1%</span><br><span style='display:inline-block; width:0.3em; height:1.2em; vertical-align:middle;background:#F257A9;'></span><span style='display:inline-block; width:30px; font-size:1em;vertical-align:middle; margin-left: 4px'>SF</span><span style='display:inline-block; width:50px; text-align:left; font-size:1em; vertical-align:middle'>6.8%</span><br><span style='display:inline-block; width:0.3em; height:1.2em; vertical-align:middle;background:#48CEF3;'></span><span style='display:inline-block; width:30px; font-size:1em;vertical-align:middle; margin-left: 4px'>LA</span><span style='display:inline-block; width:50px; text-align:left; font-size:1em; vertical-align:middle'>4.0%</span><br><span style='display:inline-block; width:0.3em; height:1.2em; vertical-align:middle;background:#F6BA00;'></span><span style='display:inline-block; width:30px; font-size:1em;vertical-align:middle; margin-left: 4px'>DF</span><span style='display:inline-block; width:50px; text-align:left; font-size:1em; vertical-align:middle'>2.3%</span><br><span style='display:inline-block; width:0.3em; height:1.2em; vertical-align:middle;background:#06691E;'></span><span style='display:inline-block; width:30px; font-size:1em;vertical-align:middle; margin-left: 4px'>K</span><span style='display:inline-block; width:50px; text-align:left; font-size:1em; vertical-align:middle'>1.6%</span><br><span style='display:inline-block; width:0.3em; height:1.2em; vertical-align:middle;background:#494949;'></span><span style='display:inline-block; width:30px; font-size:1em;vertical-align:middle; margin-left: 4px'>J</span><span style='display:inline-block; width:50px; text-align:left; font-size:1em; vertical-align:middle'>1.3%</span><br><span style='display:inline-block; width:0.3em; height:1.2em; vertical-align:middle;background:#494949;'></span><span style='display:inline-block; width:30px; font-size:1em;vertical-align:middle; margin-left: 4px'>D</span><span style='display:inline-block; width:50px; text-align:left; font-size:1em; vertical-align:middle'>0.6%</span><br><span style='display:inline-block; width:0.3em; height:1.2em; vertical-align:middle;background:#FF7400;'></span><span style='display:inline-block; width:30px; font-size:1em;vertical-align:middle; margin-left: 4px'>EL</span><span style='display:inline-block; width:50px; text-align:left; font-size:1em; vertical-align:middle'>0.6%</span>"
706530;Videbæk;30;Videbæk Idræts- og Fritidscenter, Hovedindgangen;760;83;403580;Vestervang 28, 6920 Videbæk;Ringkøbing-Skjern;389184;ForeløbigOptælling;0.205761316872428;19.1358024691358;1.577503429355281;0.4458161865569273;2.4348422496570645;1.4746227709190671;24.45130315500686;3.189300411522634;16.46090534979424;4.766803840877915;25.857338820301784;Venstre;"<b style='color:#0781DD; font-size:1.5em;margin-bottom: 10px'>Venstre</b><br> blev størst på valgstedet Videbæk Idræts- og Fritidscenter, Hovedindgangen<br><span style='display:inline-block; width:0.3em; height:1.2em; vertical-align:middle;background:#0781DD;'></span><span style='display:inline-block; width:30px; font-size:1em;vertical-align:middle; margin-left: 4px'>V</span><span style='display:inline-block; width:50px; text-align:left; font-size:1em; vertical-align:middle'>25.9%</span><br><span style='display:inline-block; width:0.3em; height:1.2em; vertical-align:middle;background:#8B8474;'></span><span style='display:inline-block; width:30px; font-size:1em;vertical-align:middle; margin-left: 4px'>KD</span><span style='display:inline-block; width:50px; text-align:left; font-size:1em; vertical-align:middle'>24.5%</span><br><span style='display:inline-block; width:0.3em; height:1.2em; vertical-align:middle;background:#0075c9;'></span><span style='display:inline-block; width:30px; font-size:1em;vertical-align:middle; margin-left: 4px'>DD</span><span style='display:inline-block; width:50px; text-align:left; font-size:1em; vertical-align:middle'>19.1%</span><br><span style='display:inline-block; width:0.3em; height:1.2em; vertical-align:middle;background:#F00B2F;'></span><span style='display:inline-block; width:30px; font-size:1em;vertical-align:middle; margin-left: 4px'>S</span><span style='display:inline-block; width:50px; text-align:left; font-size:1em; vertical-align:middle'>16.5%</span><br><span style='display:inline-block; width:0.3em; height:1.2em; vertical-align:middle;background:#F257A9;'></span><span style='display:inline-block; width:30px; font-size:1em;vertical-align:middle; margin-left: 4px'>SF</span><span style='display:inline-block; width:50px; text-align:left; font-size:1em; vertical-align:middle'>4.8%</span><br><span style='display:inline-block; width:0.3em; height:1.2em; vertical-align:middle;background:#48CEF3;'></span><span style='display:inline-block; width:30px; font-size:1em;vertical-align:middle; margin-left: 4px'>LA</span><span style='display:inline-block; width:50px; text-align:left; font-size:1em; vertical-align:middle'>3.2%</span><br><span style='display:inline-block; width:0.3em; height:1.2em; vertical-align:middle;background:#494949;'></span><span style='display:inline-block; width:30px; font-size:1em;vertical-align:middle; margin-left: 4px'>J</span><span style='display:inline-block; width:50px; text-align:left; font-size:1em; vertical-align:middle'>2.4%</span><br><span style='display:inline-block; width:0.3em; height:1.2em; vertical-align:middle;background:#F6BA00;'></span><span style='display:inline-block; width:30px; font-size:1em;vertical-align:middle; margin-left: 4px'>DF</span><span style='display:inline-block; width:50px; text-align:left; font-size:1em; vertical-align:middle'>1.6%</span><br><span style='display:inline-block; width:0.3em; height:1.2em; vertical-align:middle;background:#06691E;'></span><span style='display:inline-block; width:30px; font-size:1em;vertical-align:middle; margin-left: 4px'>K</span><span style='display:inline-block; width:50px; text-align:left; font-size:1em; vertical-align:middle'>1.5%</span><br><span style='display:inline-block; width:0.3em; height:1.2em; vertical-align:middle;background:#FF7400;'></span><span style='display:inline-block; width:30px; font-size:1em;vertical-align:middle; margin-left: 4px'>EL</span><span style='display:inline-block; width:50px; text-align:left; font-size:1em; vertical-align:middle'>0.4%</span><br><span style='display:inline-block; width:0.3em; height:1.2em; vertical-align:middle;background:#494949;'></span><span style='display:inline-block; width:30px; font-size:1em;vertical-align:middle; margin-left: 4px'>D</span><span style='display:inline-block; width:50px; text-align:left; font-size:1em; vertical-align:middle'>0.2%</span>"
707950;Troldhede;32;Troldhede Kultur- og Idrætscenter;760;83;403580;Idrætsalle 1, Troldhede, 6920 Videbæk;Ringkøbing-Skjern;389184;ForeløbigOptælling;0.6430868167202572;28.135048231511256;4.823151125401929;0.3215434083601286;1.2861736334405145;1.1254019292604502;13.987138263665594;5.466237942122187;9.32475884244373;5.305466237942122;29.581993569131832;Venstre;"<b style='color:#0781DD; font-size:1.5em;margin-bottom: 10px'>Venstre</b><br> blev størst på valgstedet Troldhede Kultur- og Idrætscenter<br><span style='display:inline-block; width:0.3em; height:1.2em; vertical-align:middle;background:#0781DD;'></span><span style='display:inline-block; width:30px; font-size:1em;vertical-align:middle; margin-left: 4px'>V</span><span style='display:inline-block; width:50px; text-align:left; font-size:1em; vertical-align:middle'>29.6%</span><br><span style='display:inline-block; width:0.3em; height:1.2em; vertical-align:middle;background:#0075c9;'></span><span style='display:inline-block; width:30px; font-size:1em;vertical-align:middle; margin-left: 4px'>DD</span><span style='display:inline-block; width:50px; text-align:left; font-size:1em; vertical-align:middle'>28.1%</span><br><span style='display:inline-block; width:0.3em; height:1.2em; vertical-align:middle;background:#8B8474;'></span><span style='display:inline-block; width:30px; font-size:1em;vertical-align:middle; margin-left: 4px'>KD</span><span style='display:inline-block; width:50px; text-align:left; font-size:1em; vertical-align:middle'>14.0%</span><br><span style='display:inline-block; width:0.3em; height:1.2em; vertical-align:middle;background:#F00B2F;'></span><span style='display:inline-block; width:30px; font-size:1em;vertical-align:middle; margin-left: 4px'>S</span><span style='display:inline-block; width:50px; text-align:left; font-size:1em; vertical-align:middle'>9.3%</span><br><span style='display:inline-block; width:0.3em; height:1.2em; vertical-align:middle;background:#48CEF3;'></span><span style='display:inline-block; width:30px; font-size:1em;vertical-align:middle; margin-left: 4px'>LA</span><span style='display:inline-block; width:50px; text-align:left; font-size:1em; vertical-align:middle'>5.5%</span><br><span style='display:inline-block; width:0.3em; height:1.2em; vertical-align:middle;background:#F257A9;'></span><span style='display:inline-block; width:30px; font-size:1em;vertical-align:middle; margin-left: 4px'>SF</span><span style='display:inline-block; width:50px; text-align:left; font-size:1em; vertical-align:middle'>5.3%</span><br><span style='display:inline-block; width:0.3em; height:1.2em; vertical-align:middle;background:#F6BA00;'></span><span style='display:inline-block; width:30px; font-size:1em;vertical-align:middle; margin-left: 4px'>DF</span><span style='display:inline-block; width:50px; text-align:left; font-size:1em; vertical-align:middle'>4.8%</span><br><span style='display:inline-block; width:0.3em; height:1.2em; vertical-align:middle;background:#494949;'></span><span style='display:inline-block; width:30px; font-size:1em;vertical-align:middle; margin-left: 4px'>J</span><span style='display:inline-block; width:50px; text-align:left; font-size:1em; vertical-align:middle'>1.3%</span><br><span style='display:inline-block; width:0.3em; height:1.2em; vertical-align:middle;background:#06691E;'></span><span style='display:inline-block; width:30px; font-size:1em;vertical-align:middle; margin-left: 4px'>K</span><span style='display:inline-block; width:50px; text-align:left; font-size:1em; vertical-align:middle'>1.1%</span><br><span style='display:inline-block; width:0.3em; height:1.2em; vertical-align:middle;background:#494949;'></span><span style='display:inline-block; width:30px; font-size:1em;vertical-align:middle; margin-left: 4px'>D</span><span style='display:inline-block; width:50px; text-align:left; font-size:1em; vertical-align:middle'>0.6%</span><br><span style='display:inline-block; width:0.3em; height:1.2em; vertical-align:middle;background:#FF7400;'></span><span style='display:inline-block; width:30px; font-size:1em;vertical-align:middle; margin-left: 4px'>EL</span><span style='display:inline-block; width:50px; text-align:left; font-size:1em; vertical-align:middle'>0.3%</span>"
711186;Skjern;24;Ringkøbing-Skjern Kulturcenter, Hal 1;760;83;403580;Ranunkelvej 1, 6900 Skjern;Ringkøbing-Skjern;389184;ForeløbigOptælling;0.397989107666527;17.70004189359028;1.7385839966485128;0.5865102639296188;2.366987850858819;2.220360284876414;22.3292836196062;4.817762882279012;13.385002094679512;8.001675743611228;26.45580226225388;Venstre;"<b style='color:#0781DD; font-size:1.5em;margin-bottom: 10px'>Venstre</b><br> blev størst på valgstedet Ringkøbing-Skjern Kulturcenter, Hal 1<br><span style='display:inline-block; width:0.3em; height:1.2em; vertical-align:middle;background:#0781DD;'></span><span style='display:inline-block; width:30px; font-size:1em;vertical-align:middle; margin-left: 4px'>V</span><span style='display:inline-block; width:50px; text-align:left; font-size:1em; vertical-align:middle'>26.5%</span><br><span style='display:inline-block; width:0.3em; height:1.2em; vertical-align:middle;background:#8B8474;'></span><span style='display:inline-block; width:30px; font-size:1em;vertical-align:middle; margin-left: 4px'>KD</span><span style='display:inline-block; width:50px; text-align:left; font-size:1em; vertical-align:middle'>22.3%</span><br><span style='display:inline-block; width:0.3em; height:1.2em; vertical-align:middle;background:#0075c9;'></span><span style='display:inline-block; width:30px; font-size:1em;vertical-align:middle; margin-left: 4px'>DD</span><span style='display:inline-block; width:50px; text-align:left; font-size:1em; vertical-align:middle'>17.7%</span><br><span style='display:inline-block; width:0.3em; height:1.2em; vertical-align:middle;background:#F00B2F;'></span><span style='display:inline-block; width:30px; font-size:1em;vertical-align:middle; margin-left: 4px'>S</span><span style='display:inline-block; width:50px; text-align:left; font-size:1em; vertical-align:middle'>13.4%</span><br><span style='display:inline-block; width:0.3em; height:1.2em; vertical-align:middle;background:#F257A9;'></span><span style='display:inline-block; width:30px; font-size:1em;vertical-align:middle; margin-left: 4px'>SF</span><span style='display:inline-block; width:50px; text-align:left; font-size:1em; vertical-align:middle'>8.0%</span><br><span style='display:inline-block; width:0.3em; height:1.2em; vertical-align:middle;background:#48CEF3;'></span><span style='display:inline-block; width:30px; font-size:1em;vertical-align:middle; margin-left: 4px'>LA</span><span style='display:inline-block; width:50px; text-align:left; font-size:1em; vertical-align:middle'>4.8%</span><br><span style='display:inline-block; width:0.3em; height:1.2em; vertical-align:middle;background:#494949;'></span><span style='display:inline-block; width:30px; font-size:1em;vertical-align:middle; margin-left: 4px'>J</span><span style='display:inline-block; width:50px; text-align:left; font-size:1em; vertical-align:middle'>2.4%</span><br><span style='display:inline-block; width:0.3em; height:1.2em; vertical-align:middle;background:#06691E;'></span><span style='display:inline-block; width:30px; font-size:1em;vertical-align:middle; margin-left: 4px'>K</span><span style='display:inline-block; width:50px; text-align:left; font-size:1em; vertical-align:middle'>2.2%</span><br><span style='display:inline-block; width:0.3em; height:1.2em; vertical-align:middle;background:#F6BA00;'></span><span style='display:inline-block; width:30px; font-size:1em;vertical-align:middle; margin-left: 4px'>DF</span><span style='display:inline-block; width:50px; text-align:left; font-size:1em; vertical-align:middle'>1.7%</span><br><span style='display:inline-block; width:0.3em; height:1.2em; vertical-align:middle;background:#FF7400;'></span><span style='display:inline-block; width:30px; font-size:1em;vertical-align:middle; margin-left: 4px'>EL</span><span style='display:inline-block; width:50px; text-align:left; font-size:1em; vertical-align:middle'>0.6%</span><br><span style='display:inline-block; width:0.3em; height:1.2em; vertical-align:middle;background:#494949;'></span><span style='display:inline-block; width:30px; font-size:1em;vertical-align:middle; margin-left: 4px'>D</span><span style='display:inline-block; width:50px; text-align:left; font-size:1em; vertical-align:middle'>0.4%</span>"
712176;Hvide Sande;10;Hvide Sande Bibliotek;760;83;403580;Skolevej 1, 6960 Hvide Sande;Ringkøbing-Skjern;389184;ForeløbigOptælling;0.2880184331797235;14.45852534562212;2.6497695852534564;0.3456221198156682;0.9792626728110598;3.8018433179723514;35.944700460829495;4.320276497695852;5.184331797235023;4.953917050691245;27.07373271889401;Kristendemokraterne;"<b style='color:#8B8474; font-size:1.5em;margin-bottom: 10px'>Kristendemokraterne</b><br> blev størst på valgstedet Hvide Sande Bibliotek<br><span style='display:inline-block; width:0.3em; height:1.2em; vertical-align:middle;background:#8B8474;'></span><span style='display:inline-block; width:30px; font-size:1em;vertical-align:middle; margin-left: 4px'>KD</span><span style='display:inline-block; width:50px; text-align:left; font-size:1em; vertical-align:middle'>35.9%</span><br><span style='display:inline-block; width:0.3em; height:1.2em; vertical-align:middle;background:#0781DD;'></span><span style='display:inline-block; width:30px; font-size:1em;vertical-align:middle; margin-left: 4px'>V</span><span style='display:inline-block; width:50px; text-align:left; font-size:1em; vertical-align:middle'>27.1%</span><br><span style='display:inline-block; width:0.3em; height:1.2em; vertical-align:middle;background:#0075c9;'></span><span style='display:inline-block; width:30px; font-size:1em;vertical-align:middle; margin-left: 4px'>DD</span><span style='display:inline-block; width:50px; text-align:left; font-size:1em; vertical-align:middle'>14.5%</span><br><span style='display:inline-block; width:0.3em; height:1.2em; vertical-align:middle;background:#F00B2F;'></span><span style='display:inline-block; width:30px; font-size:1em;vertical-align:middle; margin-left: 4px'>S</span><span style='display:inline-block; width:50px; text-align:left; font-size:1em; vertical-align:middle'>5.2%</span><br><span style='display:inline-block; width:0.3em; height:1.2em; vertical-align:middle;background:#F257A9;'></span><span style='display:inline-block; width:30px; font-size:1em;vertical-align:middle; margin-left: 4px'>SF</span><span style='display:inline-block; width:50px; text-align:left; font-size:1em; vertical-align:middle'>5.0%</span><br><span style='display:inline-block; width:0.3em; height:1.2em; vertical-align:middle;background:#48CEF3;'></span><span style='display:inline-block; width:30px; font-size:1em;vertical-align:middle; margin-left: 4px'>LA</span><span style='display:inline-block; width:50px; text-align:left; font-size:1em; vertical-align:middle'>4.3%</span><br><span style='display:inline-block; width:0.3em; height:1.2em; vertical-align:middle;background:#06691E;'></span><span style='display:inline-block; width:30px; font-size:1em;vertical-align:middle; margin-left: 4px'>K</span><span style='display:inline-block; width:50px; text-align:left; font-size:1em; vertical-align:middle'>3.8%</span><br><span style='display:inline-block; width:0.3em; height:1.2em; vertical-align:middle;background:#F6BA00;'></span><span style='display:inline-block; width:30px; font-size:1em;vertical-align:middle; margin-left: 4px'>DF</span><span style='display:inline-block; width:50px; text-align:left; font-size:1em; vertical-align:middle'>2.6%</span><br><span style='display:inline-block; width:0.3em; height:1.2em; vertical-align:middle;background:#494949;'></span><span style='display:inline-block; width:30px; font-size:1em;vertical-align:middle; margin-left: 4px'>J</span><span style='display:inline-block; width:50px; text-align:left; font-size:1em; vertical-align:middle'>1.0%</span><br><span style='display:inline-block; width:0.3em; height:1.2em; vertical-align:middle;background:#FF7400;'></span><span style='display:inline-block; width:30px; font-size:1em;vertical-align:middle; margin-left: 4px'>EL</span><span style='display:inline-block; width:50px; text-align:left; font-size:1em; vertical-align:middle'>0.3%</span><br><span style='display:inline-block; width:0.3em; height:1.2em; vertical-align:middle;background:#494949;'></span><span style='display:inline-block; width:30px; font-size:1em;vertical-align:middle; margin-left: 4px'>D</span><span style='display:inline-block; width:50px; text-align:left; font-size:1em; vertical-align:middle'>0.3%</span>"
711210;Vorgod-Barde;33;Vorgod Forsamlingshus;760;83;403580;Bardevej 3, Vorgod, 6920 Videbæk;Ringkøbing-Skjern;389184;ForeløbigOptælling;0.4402054292002935;19.44240645634629;3.2281731474688184;1.0271460014673517;1.6140865737344092;0.880410858400587;18.268525311812176;2.641232575201761;12.839325018341894;2.714600146735143;36.90388848129127;Venstre;"<b style='color:#0781DD; font-size:1.5em;margin-bottom: 10px'>Venstre</b><br> blev størst på valgstedet Vorgod Forsamlingshus<br><span style='display:inline-block; width:0.3em; height:1.2em; vertical-align:middle;background:#0781DD;'></span><span style='display:inline-block; width:30px; font-size:1em;vertical-align:middle; margin-left: 4px'>V</span><span style='display:inline-block; width:50px; text-align:left; font-size:1em; vertical-align:middle'>36.9%</span><br><span style='display:inline-block; width:0.3em; height:1.2em; vertical-align:middle;background:#0075c9;'></span><span style='display:inline-block; width:30px; font-size:1em;vertical-align:middle; margin-left: 4px'>DD</span><span style='display:inline-block; width:50px; text-align:left; font-size:1em; vertical-align:middle'>19.4%</span><br><span style='display:inline-block; width:0.3em; height:1.2em; vertical-align:middle;background:#8B8474;'></span><span style='display:inline-block; width:30px; font-size:1em;vertical-align:middle; margin-left: 4px'>KD</span><span style='display:inline-block; width:50px; text-align:left; font-size:1em; vertical-align:middle'>18.3%</span><br><span style='display:inline-block; width:0.3em; height:1.2em; vertical-align:middle;background:#F00B2F;'></span><span style='display:inline-block; width:30px; font-size:1em;vertical-align:middle; margin-left: 4px'>S</span><span style='display:inline-block; width:50px; text-align:left; font-size:1em; vertical-align:middle'>12.8%</span><br><span style='display:inline-block; width:0.3em; height:1.2em; vertical-align:middle;background:#F6BA00;'></span><span style='display:inline-block; width:30px; font-size:1em;vertical-align:middle; margin-left: 4px'>DF</span><span style='display:inline-block; width:50px; text-align:left; font-size:1em; vertical-align:middle'>3.2%</span><br><span style='display:inline-block; width:0.3em; height:1.2em; vertical-align:middle;background:#F257A9;'></span><span style='display:inline-block; width:30px; font-size:1em;vertical-align:middle; margin-left: 4px'>SF</span><span style='display:inline-block; width:50px; text-align:left; font-size:1em; vertical-align:middle'>2.7%</span><br><span style='display:inline-block; width:0.3em; height:1.2em; vertical-align:middle;background:#48CEF3;'></span><span style='display:inline-block; width:30px; font-size:1em;vertical-align:middle; margin-left: 4px'>LA</span><span style='display:inline-block; width:50px; text-align:left; font-size:1em; vertical-align:middle'>2.6%</span><br><span style='display:inline-block; width:0.3em; height:1.2em; vertical-align:middle;background:#494949;'></span><span style='display:inline-block; width:30px; font-size:1em;vertical-align:middle; margin-left: 4px'>J</span><span style='display:inline-block; width:50px; text-align:left; font-size:1em; vertical-align:middle'>1.6%</span><br><span style='display:inline-block; width:0.3em; height:1.2em; vertical-align:middle;background:#FF7400;'></span><span style='display:inline-block; width:30px; font-size:1em;vertical-align:middle; margin-left: 4px'>EL</span><span style='display:inline-block; width:50px; text-align:left; font-size:1em; vertical-align:middle'>1.0%</span><br><span style='display:inline-block; width:0.3em; height:1.2em; vertical-align:middle;background:#06691E;'></span><span style='display:inline-block; width:30px; font-size:1em;vertical-align:middle; margin-left: 4px'>K</span><span style='display:inline-block; width:50px; text-align:left; font-size:1em; vertical-align:middle'>0.9%</span><br><span style='display:inline-block; width:0.3em; height:1.2em; vertical-align:middle;background:#494949;'></span><span style='display:inline-block; width:30px; font-size:1em;vertical-align:middle; margin-left: 4px'>D</span><span style='display:inline-block; width:50px; text-align:left; font-size:1em; vertical-align:middle'>0.4%</span>"
709682;Stauning;28;Stauning Skole, Gymnastiksalen;760;83;403580;Kirkebyvej 65, Stauning, 6900 Skjern;Ringkøbing-Skjern;389184;ForeløbigOptælling;1.0432190760059614;22.950819672131143;1.7883755588673622;0.4470938897168405;19.821162444113263;1.3412816691505216;12.667660208643817;4.023845007451564;9.239940387481372;7.898658718330849;18.7779433681073;Danmarksdemokraterne;"<b style='color:#0075c9; font-size:1.5em;margin-bottom: 10px'>Danmarksdemokraterne</b><br> blev størst på valgstedet Stauning Skole, Gymnastiksalen<br><span style='display:inline-block; width:0.3em; height:1.2em; vertical-align:middle;background:#0075c9;'></span><span style='display:inline-block; width:30px; font-size:1em;vertical-align:middle; margin-left: 4px'>DD</span><span style='display:inline-block; width:50px; text-align:left; font-size:1em; vertical-align:middle'>23.0%</span><br><span style='display:inline-block; width:0.3em; height:1.2em; vertical-align:middle;background:#494949;'></span><span style='display:inline-block; width:30px; font-size:1em;vertical-align:middle; margin-left: 4px'>J</span><span style='display:inline-block; width:50px; text-align:left; font-size:1em; vertical-align:middle'>19.8%</span><br><span style='display:inline-block; width:0.3em; height:1.2em; vertical-align:middle;background:#0781DD;'></span><span style='display:inline-block; width:30px; font-size:1em;vertical-align:middle; margin-left: 4px'>V</span><span style='display:inline-block; width:50px; text-align:left; font-size:1em; vertical-align:middle'>18.8%</span><br><span style='display:inline-block; width:0.3em; height:1.2em; vertical-align:middle;background:#8B8474;'></span><span style='display:inline-block; width:30px; font-size:1em;vertical-align:middle; margin-left: 4px'>KD</span><span style='display:inline-block; width:50px; text-align:left; font-size:1em; vertical-align:middle'>12.7%</span><br><span style='display:inline-block; width:0.3em; height:1.2em; vertical-align:middle;background:#F00B2F;'></span><span style='display:inline-block; width:30px; font-size:1em;vertical-align:middle; margin-left: 4px'>S</span><span style='display:inline-block; width:50px; text-align:left; font-size:1em; vertical-align:middle'>9.2%</span><br><span style='display:inline-block; width:0.3em; height:1.2em; vertical-align:middle;background:#F257A9;'></span><span style='display:inline-block; width:30px; font-size:1em;vertical-align:middle; margin-left: 4px'>SF</span><span style='display:inline-block; width:50px; text-align:left; font-size:1em; vertical-align:middle'>7.9%</span><br><span style='display:inline-block; width:0.3em; height:1.2em; vertical-align:middle;background:#48CEF3;'></span><span style='display:inline-block; width:30px; font-size:1em;vertical-align:middle; margin-left: 4px'>LA</span><span style='display:inline-block; width:50px; text-align:left; font-size:1em; vertical-align:middle'>4.0%</span><br><span style='display:inline-block; width:0.3em; height:1.2em; vertical-align:middle;background:#F6BA00;'></span><span style='display:inline-block; width:30px; font-size:1em;vertical-align:middle; margin-left: 4px'>DF</span><span style='display:inline-block; width:50px; text-align:left; font-size:1em; vertical-align:middle'>1.8%</span><br><span style='display:inline-block; width:0.3em; height:1.2em; vertical-align:middle;background:#06691E;'></span><span style='display:inline-block; width:30px; font-size:1em;vertical-align:middle; margin-left: 4px'>K</span><span style='display:inline-block; width:50px; text-align:left; font-size:1em; vertical-align:middle'>1.3%</span><br><span style='display:inline-block; width:0.3em; height:1.2em; vertical-align:middle;background:#494949;'></span><span style='display:inline-block; width:30px; font-size:1em;vertical-align:middle; margin-left: 4px'>D</span><span style='display:inline-block; width:50px; text-align:left; font-size:1em; vertical-align:middle'>1.0%</span><br><span style='display:inline-block; width:0.3em; height:1.2em; vertical-align:middle;background:#FF7400;'></span><span style='display:inline-block; width:30px; font-size:1em;vertical-align:middle; margin-left: 4px'>EL</span><span style='display:inline-block; width:50px; text-align:left; font-size:1em; vertical-align:middle'>0.4%</span>"
711192;Lem;21;Lem Hallen, Multisalen;760;83;403580;Skolebakken 20, 6940 Lem St;Ringkøbing-Skjern;389184;ForeløbigOptælling;0.4244482173174873;18.33616298811545;2.3769100169779285;0.8488964346349746;4.668930390492361;1.7826825127334467;7.894736842105263;3.904923599320883;11.714770797962649;6.960950764006792;41.08658743633276;Venstre;"<b style='color:#0781DD; font-size:1.5em;margin-bottom: 10px'>Venstre</b><br> blev størst på valgstedet Lem Hallen, Multisalen<br><span style='display:inline-block; width:0.3em; height:1.2em; vertical-align:middle;background:#0781DD;'></span><span style='display:inline-block; width:30px; font-size:1em;vertical-align:middle; margin-left: 4px'>V</span><span style='display:inline-block; width:50px; text-align:left; font-size:1em; vertical-align:middle'>41.1%</span><br><span style='display:inline-block; width:0.3em; height:1.2em; vertical-align:middle;background:#0075c9;'></span><span style='display:inline-block; width:30px; font-size:1em;vertical-align:middle; margin-left: 4px'>DD</span><span style='display:inline-block; width:50px; text-align:left; font-size:1em; vertical-align:middle'>18.3%</span><br><span style='display:inline-block; width:0.3em; height:1.2em; vertical-align:middle;background:#F00B2F;'></span><span style='display:inline-block; width:30px; font-size:1em;vertical-align:middle; margin-left: 4px'>S</span><span style='display:inline-block; width:50px; text-align:left; font-size:1em; vertical-align:middle'>11.7%</span><br><span style='display:inline-block; width:0.3em; height:1.2em; vertical-align:middle;background:#8B8474;'></span><span style='display:inline-block; width:30px; font-size:1em;vertical-align:middle; margin-left: 4px'>KD</span><span style='display:inline-block; width:50px; text-align:left; font-size:1em; vertical-align:middle'>7.9%</span><br><span style='display:inline-block; width:0.3em; height:1.2em; vertical-align:middle;background:#F257A9;'></span><span style='display:inline-block; width:30px; font-size:1em;vertical-align:middle; margin-left: 4px'>SF</span><span style='display:inline-block; width:50px; text-align:left; font-size:1em; vertical-align:middle'>7.0%</span><br><span style='display:inline-block; width:0.3em; height:1.2em; vertical-align:middle;background:#494949;'></span><span style='display:inline-block; width:30px; font-size:1em;vertical-align:middle; margin-left: 4px'>J</span><span style='display:inline-block; width:50px; text-align:left; font-size:1em; vertical-align:middle'>4.7%</span><br><span style='display:inline-block; width:0.3em; height:1.2em; vertical-align:middle;background:#48CEF3;'></span><span style='display:inline-block; width:30px; font-size:1em;vertical-align:middle; margin-left: 4px'>LA</span><span style='display:inline-block; width:50px; text-align:left; font-size:1em; vertical-align:middle'>3.9%</span><br><span style='display:inline-block; width:0.3em; height:1.2em; vertical-align:middle;background:#F6BA00;'></span><span style='display:inline-block; width:30px; font-size:1em;vertical-align:middle; margin-left: 4px'>DF</span><span style='display:inline-block; width:50px; text-align:left; font-size:1em; vertical-align:middle'>2.4%</span><br><span style='display:inline-block; width:0.3em; height:1.2em; vertical-align:middle;background:#06691E;'></span><span style='display:inline-block; width:30px; font-size:1em;vertical-align:middle; margin-left: 4px'>K</span><span style='display:inline-block; width:50px; text-align:left; font-size:1em; vertical-align:middle'>1.8%</span><br><span style='display:inline-block; width:0.3em; height:1.2em; vertical-align:middle;background:#FF7400;'></span><span style='display:inline-block; width:30px; font-size:1em;vertical-align:middle; margin-left: 4px'>EL</span><span style='display:inline-block; width:50px; text-align:left; font-size:1em; vertical-align:middle'>0.8%</span><br><span style='display:inline-block; width:0.3em; height:1.2em; vertical-align:middle;background:#494949;'></span><span style='display:inline-block; width:30px; font-size:1em;vertical-align:middle; margin-left: 4px'>D</span><span style='display:inline-block; width:50px; text-align:left; font-size:1em; vertical-align:middle'>0.4%</span>"
703702;Rækker Mølle;27;Rækker Mølle Hallen;760;83;403580;Tylvadvej 2B, Rækker Mølle, 6900 Skjern;Ringkøbing-Skjern;389184;ForeløbigOptælling;0.603318250377074;22.473604826546005;2.564102564102564;0.3770739064856712;2.48868778280543;1.0558069381598794;25.41478129713424;4.97737556561086;4.600301659125189;5.052790346907994;30.392156862745097;Venstre;"<b style='color:#0781DD; font-size:1.5em;margin-bottom: 10px'>Venstre</b><br> blev størst på valgstedet Rækker Mølle Hallen<br><span style='display:inline-block; width:0.3em; height:1.2em; vertical-align:middle;background:#0781DD;'></span><span style='display:inline-block; width:30px; font-size:1em;vertical-align:middle; margin-left: 4px'>V</span><span style='display:inline-block; width:50px; text-align:left; font-size:1em; vertical-align:middle'>30.4%</span><br><span style='display:inline-block; width:0.3em; height:1.2em; vertical-align:middle;background:#8B8474;'></span><span style='display:inline-block; width:30px; font-size:1em;vertical-align:middle; margin-left: 4px'>KD</span><span style='display:inline-block; width:50px; text-align:left; font-size:1em; vertical-align:middle'>25.4%</span><br><span style='display:inline-block; width:0.3em; height:1.2em; vertical-align:middle;background:#0075c9;'></span><span style='display:inline-block; width:30px; font-size:1em;vertical-align:middle; margin-left: 4px'>DD</span><span style='display:inline-block; width:50px; text-align:left; font-size:1em; vertical-align:middle'>22.5%</span><br><span style='display:inline-block; width:0.3em; height:1.2em; vertical-align:middle;background:#F257A9;'></span><span style='display:inline-block; width:30px; font-size:1em;vertical-align:middle; margin-left: 4px'>SF</span><span style='display:inline-block; width:50px; text-align:left; font-size:1em; vertical-align:middle'>5.1%</span><br><span style='display:inline-block; width:0.3em; height:1.2em; vertical-align:middle;background:#48CEF3;'></span><span style='display:inline-block; width:30px; font-size:1em;vertical-align:middle; margin-left: 4px'>LA</span><span style='display:inline-block; width:50px; text-align:left; font-size:1em; vertical-align:middle'>5.0%</span><br><span style='display:inline-block; width:0.3em; height:1.2em; vertical-align:middle;background:#F00B2F;'></span><span style='display:inline-block; width:30px; font-size:1em;vertical-align:middle; margin-left: 4px'>S</span><span style='display:inline-block; width:50px; text-align:left; font-size:1em; vertical-align:middle'>4.6%</span><br><span style='display:inline-block; width:0.3em; height:1.2em; vertical-align:middle;background:#F6BA00;'></span><span style='display:inline-block; width:30px; font-size:1em;vertical-align:middle; margin-left: 4px'>DF</span><span style='display:inline-block; width:50px; text-align:left; font-size:1em; vertical-align:middle'>2.6%</span><br><span style='display:inline-block; width:0.3em; height:1.2em; vertical-align:middle;background:#494949;'></span><span style='display:inline-block; width:30px; font-size:1em;vertical-align:middle; margin-left: 4px'>J</span><span style='display:inline-block; width:50px; text-align:left; font-size:1em; vertical-align:middle'>2.5%</span><br><span style='display:inline-block; width:0.3em; height:1.2em; vertical-align:middle;background:#06691E;'></span><span style='display:inline-block; width:30px; font-size:1em;vertical-align:middle; margin-left: 4px'>K</span><span style='display:inline-block; width:50px; text-align:left; font-size:1em; vertical-align:middle'>1.1%</span><br><span style='display:inline-block; width:0.3em; height:1.2em; vertical-align:middle;background:#494949;'></span><span style='display:inline-block; width:30px; font-size:1em;vertical-align:middle; margin-left: 4px'>D</span><span style='display:inline-block; width:50px; text-align:left; font-size:1em; vertical-align:middle'>0.6%</span><br><span style='display:inline-block; width:0.3em; height:1.2em; vertical-align:middle;background:#FF7400;'></span><span style='display:inline-block; width:30px; font-size:1em;vertical-align:middle; margin-left: 4px'>EL</span><span style='display:inline-block; width:50px; text-align:left; font-size:1em; vertical-align:middle'>0.4%</span>"
712306;Hee;16;Hee Gl. Stationsbygning;760;83;403580;Ringgaden 3A, Hee, 6950 Ringkøbing;Ringkøbing-Skjern;389184;ForeløbigOptælling;0.6345177664974619;41.37055837563452;2.030456852791878;0.3807106598984772;1.269035532994924;9.263959390862944;9.263959390862944;3.6802030456852792;6.598984771573605;9.517766497461928;15.989847715736042;Danmarksdemokraterne;"<b style='color:#0075c9; font-size:1.5em;margin-bottom: 10px'>Danmarksdemokraterne</b><br> blev størst på valgstedet Hee Gl. Stationsbygning<br><span style='display:inline-block; width:0.3em; height:1.2em; vertical-align:middle;background:#0075c9;'></span><span style='display:inline-block; width:30px; font-size:1em;vertical-align:middle; margin-left: 4px'>DD</span><span style='display:inline-block; width:50px; text-align:left; font-size:1em; vertical-align:middle'>41.4%</span><br><span style='display:inline-block; width:0.3em; height:1.2em; vertical-align:middle;background:#0781DD;'></span><span style='display:inline-block; width:30px; font-size:1em;vertical-align:middle; margin-left: 4px'>V</span><span style='display:inline-block; width:50px; text-align:left; font-size:1em; vertical-align:middle'>16.0%</span><br><span style='display:inline-block; width:0.3em; height:1.2em; vertical-align:middle;background:#F257A9;'></span><span style='display:inline-block; width:30px; font-size:1em;vertical-align:middle; margin-left: 4px'>SF</span><span style='display:inline-block; width:50px; text-align:left; font-size:1em; vertical-align:middle'>9.5%</span><br><span style='display:inline-block; width:0.3em; height:1.2em; vertical-align:middle;background:#06691E;'></span><span style='display:inline-block; width:30px; font-size:1em;vertical-align:middle; margin-left: 4px'>K</span><span style='display:inline-block; width:50px; text-align:left; font-size:1em; vertical-align:middle'>9.3%</span><br><span style='display:inline-block; width:0.3em; height:1.2em; vertical-align:middle;background:#8B8474;'></span><span style='display:inline-block; width:30px; font-size:1em;vertical-align:middle; margin-left: 4px'>KD</span><span style='display:inline-block; width:50px; text-align:left; font-size:1em; vertical-align:middle'>9.3%</span><br><span style='display:inline-block; width:0.3em; height:1.2em; vertical-align:middle;background:#F00B2F;'></span><span style='display:inline-block; width:30px; font-size:1em;vertical-align:middle; margin-left: 4px'>S</span><span style='display:inline-block; width:50px; text-align:left; font-size:1em; vertical-align:middle'>6.6%</span><br><span style='display:inline-block; width:0.3em; height:1.2em; vertical-align:middle;background:#48CEF3;'></span><span style='display:inline-block; width:30px; font-size:1em;vertical-align:middle; margin-left: 4px'>LA</span><span style='display:inline-block; width:50px; text-align:left; font-size:1em; vertical-align:middle'>3.7%</span><br><span style='display:inline-block; width:0.3em; height:1.2em; vertical-align:middle;background:#F6BA00;'></span><span style='display:inline-block; width:30px; font-size:1em;vertical-align:middle; margin-left: 4px'>DF</span><span style='display:inline-block; width:50px; text-align:left; font-size:1em; vertical-align:middle'>2.0%</span><br><span style='display:inline-block; width:0.3em; height:1.2em; vertical-align:middle;background:#494949;'></span><span style='display:inline-block; width:30px; font-size:1em;vertical-align:middle; margin-left: 4px'>J</span><span style='display:inline-block; width:50px; text-align:left; font-size:1em; vertical-align:middle'>1.3%</span><br><span style='display:inline-block; width:0.3em; height:1.2em; vertical-align:middle;background:#494949;'></span><span style='display:inline-block; width:30px; font-size:1em;vertical-align:middle; margin-left: 4px'>D</span><span style='display:inline-block; width:50px; text-align:left; font-size:1em; vertical-align:middle'>0.6%</span><br><span style='display:inline-block; width:0.3em; height:1.2em; vertical-align:middle;background:#FF7400;'></span><span style='display:inline-block; width:30px; font-size:1em;vertical-align:middle; margin-left: 4px'>EL</span><span style='display:inline-block; width:50px; text-align:left; font-size:1em; vertical-align:middle'>0.4%</span>"
706568;Tim;22;Tim Hallen;760;83;403580;Åvænget 3, 6980 Tim;Ringkøbing-Skjern;389184;ForeløbigOptælling;0.3100775193798449;33.95348837209302;3.333333333333333;0.8527131782945736;0.9302325581395348;4.0310077519379846;9.069767441860463;3.798449612403101;8.372093023255815;9.844961240310075;25.503875968992247;Danmarksdemokraterne;"<b style='color:#0075c9; font-size:1.5em;margin-bottom: 10px'>Danmarksdemokraterne</b><br> blev størst på valgstedet Tim Hallen<br><span style='display:inline-block; width:0.3em; height:1.2em; vertical-align:middle;background:#0075c9;'></span><span style='display:inline-block; width:30px; font-size:1em;vertical-align:middle; margin-left: 4px'>DD</span><span style='display:inline-block; width:50px; text-align:left; font-size:1em; vertical-align:middle'>34.0%</span><br><span style='display:inline-block; width:0.3em; height:1.2em; vertical-align:middle;background:#0781DD;'></span><span style='display:inline-block; width:30px; font-size:1em;vertical-align:middle; margin-left: 4px'>V</span><span style='display:inline-block; width:50px; text-align:left; font-size:1em; vertical-align:middle'>25.5%</span><br><span style='display:inline-block; width:0.3em; height:1.2em; vertical-align:middle;background:#F257A9;'></span><span style='display:inline-block; width:30px; font-size:1em;vertical-align:middle; margin-left: 4px'>SF</span><span style='display:inline-block; width:50px; text-align:left; font-size:1em; vertical-align:middle'>9.8%</span><br><span style='display:inline-block; width:0.3em; height:1.2em; vertical-align:middle;background:#8B8474;'></span><span style='display:inline-block; width:30px; font-size:1em;vertical-align:middle; margin-left: 4px'>KD</span><span style='display:inline-block; width:50px; text-align:left; font-size:1em; vertical-align:middle'>9.1%</span><br><span style='display:inline-block; width:0.3em; height:1.2em; vertical-align:middle;background:#F00B2F;'></span><span style='display:inline-block; width:30px; font-size:1em;vertical-align:middle; margin-left: 4px'>S</span><span style='display:inline-block; width:50px; text-align:left; font-size:1em; vertical-align:middle'>8.4%</span><br><span style='display:inline-block; width:0.3em; height:1.2em; vertical-align:middle;background:#06691E;'></span><span style='display:inline-block; width:30px; font-size:1em;vertical-align:middle; margin-left: 4px'>K</span><span style='display:inline-block; width:50px; text-align:left; font-size:1em; vertical-align:middle'>4.0%</span><br><span style='display:inline-block; width:0.3em; height:1.2em; vertical-align:middle;background:#48CEF3;'></span><span style='display:inline-block; width:30px; font-size:1em;vertical-align:middle; margin-left: 4px'>LA</span><span style='display:inline-block; width:50px; text-align:left; font-size:1em; vertical-align:middle'>3.8%</span><br><span style='display:inline-block; width:0.3em; height:1.2em; vertical-align:middle;background:#F6BA00;'></span><span style='display:inline-block; width:30px; font-size:1em;vertical-align:middle; margin-left: 4px'>DF</span><span style='display:inline-block; width:50px; text-align:left; font-size:1em; vertical-align:middle'>3.3%</span><br><span style='display:inline-block; width:0.3em; height:1.2em; vertical-align:middle;background:#494949;'></span><span style='display:inline-block; width:30px; font-size:1em;vertical-align:middle; margin-left: 4px'>J</span><span style='display:inline-block; width:50px; text-align:left; font-size:1em; vertical-align:middle'>0.9%</span><br><span style='display:inline-block; width:0.3em; height:1.2em; vertical-align:middle;background:#FF7400;'></span><span style='display:inline-block; width:30px; font-size:1em;vertical-align:middle; margin-left: 4px'>EL</span><span style='display:inline-block; width:50px; text-align:left; font-size:1em; vertical-align:middle'>0.9%</span><br><span style='display:inline-block; width:0.3em; height:1.2em; vertical-align:middle;background:#494949;'></span><span style='display:inline-block; width:30px; font-size:1em;vertical-align:middle; margin-left: 4px'>D</span><span style='display:inline-block; width:50px; text-align:left; font-size:1em; vertical-align:middle'>0.3%</span>"
706556;Velling;12;Velling Forsamlingshus;760;83;403580;Velling Kirkeby 17, Velling, 6950 Ringkøbing;Ringkøbing-Skjern;389184;ForeløbigOptælling;0.2217294900221729;18.07095343680709;1.3303769401330376;1.2195121951219512;3.8802660753880263;5.65410199556541;11.086474501108649;2.771618625277162;10.864745011086471;17.849223946784925;27.0509977827051;Venstre;"<b style='color:#0781DD; font-size:1.5em;margin-bottom: 10px'>Venstre</b><br> blev størst på valgstedet Velling Forsamlingshus<br><span style='display:inline-block; width:0.3em; height:1.2em; vertical-align:middle;background:#0781DD;'></span><span style='display:inline-block; width:30px; font-size:1em;vertical-align:middle; margin-left: 4px'>V</span><span style='display:inline-block; width:50px; text-align:left; font-size:1em; vertical-align:middle'>27.1%</span><br><span style='display:inline-block; width:0.3em; height:1.2em; vertical-align:middle;background:#0075c9;'></span><span style='display:inline-block; width:30px; font-size:1em;vertical-align:middle; margin-left: 4px'>DD</span><span style='display:inline-block; width:50px; text-align:left; font-size:1em; vertical-align:middle'>18.1%</span><br><span style='display:inline-block; width:0.3em; height:1.2em; vertical-align:middle;background:#F257A9;'></span><span style='display:inline-block; width:30px; font-size:1em;vertical-align:middle; margin-left: 4px'>SF</span><span style='display:inline-block; width:50px; text-align:left; font-size:1em; vertical-align:middle'>17.8%</span><br><span style='display:inline-block; width:0.3em; height:1.2em; vertical-align:middle;background:#8B8474;'></span><span style='display:inline-block; width:30px; font-size:1em;vertical-align:middle; margin-left: 4px'>KD</span><span style='display:inline-block; width:50px; text-align:left; font-size:1em; vertical-align:middle'>11.1%</span><br><span style='display:inline-block; width:0.3em; height:1.2em; vertical-align:middle;background:#F00B2F;'></span><span style='display:inline-block; width:30px; font-size:1em;vertical-align:middle; margin-left: 4px'>S</span><span style='display:inline-block; width:50px; text-align:left; font-size:1em; vertical-align:middle'>10.9%</span><br><span style='display:inline-block; width:0.3em; height:1.2em; vertical-align:middle;background:#06691E;'></span><span style='display:inline-block; width:30px; font-size:1em;vertical-align:middle; margin-left: 4px'>K</span><span style='display:inline-block; width:50px; text-align:left; font-size:1em; vertical-align:middle'>5.7%</span><br><span style='display:inline-block; width:0.3em; height:1.2em; vertical-align:middle;background:#494949;'></span><span style='display:inline-block; width:30px; font-size:1em;vertical-align:middle; margin-left: 4px'>J</span><span style='display:inline-block; width:50px; text-align:left; font-size:1em; vertical-align:middle'>3.9%</span><br><span style='display:inline-block; width:0.3em; height:1.2em; vertical-align:middle;background:#48CEF3;'></span><span style='display:inline-block; width:30px; font-size:1em;vertical-align:middle; margin-left: 4px'>LA</span><span style='display:inline-block; width:50px; text-align:left; font-size:1em; vertical-align:middle'>2.8%</span><br><span style='display:inline-block; width:0.3em; height:1.2em; vertical-align:middle;background:#F6BA00;'></span><span style='display:inline-block; width:30px; font-size:1em;vertical-align:middle; margin-left: 4px'>DF</span><span style='display:inline-block; width:50px; text-align:left; font-size:1em; vertical-align:middle'>1.3%</span><br><span style='display:inline-block; width:0.3em; height:1.2em; vertical-align:middle;background:#FF7400;'></span><span style='display:inline-block; width:30px; font-size:1em;vertical-align:middle; margin-left: 4px'>EL</span><span style='display:inline-block; width:50px; text-align:left; font-size:1em; vertical-align:middle'>1.2%</span><br><span style='display:inline-block; width:0.3em; height:1.2em; vertical-align:middle;background:#494949;'></span><span style='display:inline-block; width:30px; font-size:1em;vertical-align:middle; margin-left: 4px'>D</span><span style='display:inline-block; width:50px; text-align:left; font-size:1em; vertical-align:middle'>0.2%</span>"
748671;Hemmet;7;Hemmet Aktivitets- og Kulturhus;760;83;403580;Sdr. Viumvej 2A, 6893 Hemmet;Ringkøbing-Skjern;389184;ForeløbigOptælling;1.4964788732394363;36.44366197183098;3.609154929577465;0.9683098591549296;6.161971830985916;0.528169014084507;11.355633802816902;4.48943661971831;4.753521126760563;7.042253521126761;23.151408450704224;Danmarksdemokraterne;"<b style='color:#0075c9; font-size:1.5em;margin-bottom: 10px'>Danmarksdemokraterne</b><br> blev størst på valgstedet Hemmet Aktivitets- og Kulturhus<br><span style='display:inline-block; width:0.3em; height:1.2em; vertical-align:middle;background:#0075c9;'></span><span style='display:inline-block; width:30px; font-size:1em;vertical-align:middle; margin-left: 4px'>DD</span><span style='display:inline-block; width:50px; text-align:left; font-size:1em; vertical-align:middle'>36.4%</span><br><span style='display:inline-block; width:0.3em; height:1.2em; vertical-align:middle;background:#0781DD;'></span><span style='display:inline-block; width:30px; font-size:1em;vertical-align:middle; margin-left: 4px'>V</span><span style='display:inline-block; width:50px; text-align:left; font-size:1em; vertical-align:middle'>23.2%</span><br><span style='display:inline-block; width:0.3em; height:1.2em; vertical-align:middle;background:#8B8474;'></span><span style='display:inline-block; width:30px; font-size:1em;vertical-align:middle; margin-left: 4px'>KD</span><span style='display:inline-block; width:50px; text-align:left; font-size:1em; vertical-align:middle'>11.4%</span><br><span style='display:inline-block; width:0.3em; height:1.2em; vertical-align:middle;background:#F257A9;'></span><span style='display:inline-block; width:30px; font-size:1em;vertical-align:middle; margin-left: 4px'>SF</span><span style='display:inline-block; width:50px; text-align:left; font-size:1em; vertical-align:middle'>7.0%</span><br><span style='display:inline-block; width:0.3em; height:1.2em; vertical-align:middle;background:#494949;'></span><span style='display:inline-block; width:30px; font-size:1em;vertical-align:middle; margin-left: 4px'>J</span><span style='display:inline-block; width:50px; text-align:left; font-size:1em; vertical-align:middle'>6.2%</span><br><span style='display:inline-block; width:0.3em; height:1.2em; vertical-align:middle;background:#F00B2F;'></span><span style='display:inline-block; width:30px; font-size:1em;vertical-align:middle; margin-left: 4px'>S</span><span style='display:inline-block; width:50px; text-align:left; font-size:1em; vertical-align:middle'>4.8%</span><br><span style='display:inline-block; width:0.3em; height:1.2em; vertical-align:middle;background:#48CEF3;'></span><span style='display:inline-block; width:30px; font-size:1em;vertical-align:middle; margin-left: 4px'>LA</span><span style='display:inline-block; width:50px; text-align:left; font-size:1em; vertical-align:middle'>4.5%</span><br><span style='display:inline-block; width:0.3em; height:1.2em; vertical-align:middle;background:#F6BA00;'></span><span style='display:inline-block; width:30px; font-size:1em;vertical-align:middle; margin-left: 4px'>DF</span><span style='display:inline-block; width:50px; text-align:left; font-size:1em; vertical-align:middle'>3.6%</span><br><span style='display:inline-block; width:0.3em; height:1.2em; vertical-align:middle;background:#494949;'></span><span style='display:inline-block; width:30px; font-size:1em;vertical-align:middle; margin-left: 4px'>D</span><span style='display:inline-block; width:50px; text-align:left; font-size:1em; vertical-align:middle'>1.5%</span><br><span style='display:inline-block; width:0.3em; height:1.2em; vertical-align:middle;background:#FF7400;'></span><span style='display:inline-block; width:30px; font-size:1em;vertical-align:middle; margin-left: 4px'>EL</span><span style='display:inline-block; width:50px; text-align:left; font-size:1em; vertical-align:middle'>1.0%</span><br><span style='display:inline-block; width:0.3em; height:1.2em; vertical-align:middle;background:#06691E;'></span><span style='display:inline-block; width:30px; font-size:1em;vertical-align:middle; margin-left: 4px'>K</span><span style='display:inline-block; width:50px; text-align:left; font-size:1em; vertical-align:middle'>0.5%</span>"
748670;Ådum;4;Ådum Hallen;760;83;403580;Tøstrupvej 26A, Ådum, 6880 Tarm;Ringkøbing-Skjern;389184;ForeløbigOptælling;0.3558718861209964;35.76512455516014;3.9145907473309607;0.7117437722419928;8.007117437722421;1.601423487544484;12.633451957295376;3.9145907473309607;4.98220640569395;7.11743772241993;20.99644128113879;Danmarksdemokraterne;"<b style='color:#0075c9; font-size:1.5em;margin-bottom: 10px'>Danmarksdemokraterne</b><br> blev størst på valgstedet Ådum Hallen<br><span style='display:inline-block; width:0.3em; height:1.2em; vertical-align:middle;background:#0075c9;'></span><span style='display:inline-block; width:30px; font-size:1em;vertical-align:middle; margin-left: 4px'>DD</span><span style='display:inline-block; width:50px; text-align:left; font-size:1em; vertical-align:middle'>35.8%</span><br><span style='display:inline-block; width:0.3em; height:1.2em; vertical-align:middle;background:#0781DD;'></span><span style='display:inline-block; width:30px; font-size:1em;vertical-align:middle; margin-left: 4px'>V</span><span style='display:inline-block; width:50px; text-align:left; font-size:1em; vertical-align:middle'>21.0%</span><br><span style='display:inline-block; width:0.3em; height:1.2em; vertical-align:middle;background:#8B8474;'></span><span style='display:inline-block; width:30px; font-size:1em;vertical-align:middle; margin-left: 4px'>KD</span><span style='display:inline-block; width:50px; text-align:left; font-size:1em; vertical-align:middle'>12.6%</span><br><span style='display:inline-block; width:0.3em; height:1.2em; vertical-align:middle;background:#494949;'></span><span style='display:inline-block; width:30px; font-size:1em;vertical-align:middle; margin-left: 4px'>J</span><span style='display:inline-block; width:50px; text-align:left; font-size:1em; vertical-align:middle'>8.0%</span><br><span style='display:inline-block; width:0.3em; height:1.2em; vertical-align:middle;background:#F257A9;'></span><span style='display:inline-block; width:30px; font-size:1em;vertical-align:middle; margin-left: 4px'>SF</span><span style='display:inline-block; width:50px; text-align:left; font-size:1em; vertical-align:middle'>7.1%</span><br><span style='display:inline-block; width:0.3em; height:1.2em; vertical-align:middle;background:#F00B2F;'></span><span style='display:inline-block; width:30px; font-size:1em;vertical-align:middle; margin-left: 4px'>S</span><span style='display:inline-block; width:50px; text-align:left; font-size:1em; vertical-align:middle'>5.0%</span><br><span style='display:inline-block; width:0.3em; height:1.2em; vertical-align:middle;background:#F6BA00;'></span><span style='display:inline-block; width:30px; font-size:1em;vertical-align:middle; margin-left: 4px'>DF</span><span style='display:inline-block; width:50px; text-align:left; font-size:1em; vertical-align:middle'>3.9%</span><br><span style='display:inline-block; width:0.3em; height:1.2em; vertical-align:middle;background:#48CEF3;'></span><span style='display:inline-block; width:30px; font-size:1em;vertical-align:middle; margin-left: 4px'>LA</span><span style='display:inline-block; width:50px; text-align:left; font-size:1em; vertical-align:middle'>3.9%</span><br><span style='display:inline-block; width:0.3em; height:1.2em; vertical-align:middle;background:#06691E;'></span><span style='display:inline-block; width:30px; font-size:1em;vertical-align:middle; margin-left: 4px'>K</span><span style='display:inline-block; width:50px; text-align:left; font-size:1em; vertical-align:middle'>1.6%</span><br><span style='display:inline-block; width:0.3em; height:1.2em; vertical-align:middle;background:#FF7400;'></span><span style='display:inline-block; width:30px; font-size:1em;vertical-align:middle; margin-left: 4px'>EL</span><span style='display:inline-block; width:50px; text-align:left; font-size:1em; vertical-align:middle'>0.7%</span><br><span style='display:inline-block; width:0.3em; height:1.2em; vertical-align:middle;background:#494949;'></span><span style='display:inline-block; width:30px; font-size:1em;vertical-align:middle; margin-left: 4px'>D</span><span style='display:inline-block; width:50px; text-align:left; font-size:1em; vertical-align:middle'>0.4%</span>"
703690;Borris;25;Borris Hallen;760;83;403580;Stadionalle 10, Borris, 6900 Skjern;Ringkøbing-Skjern;389184;ForeløbigOptælling;0.4132231404958678;16.804407713498623;1.6528925619834711;0.2754820936639118;2.8925619834710745;1.3774104683195594;10.055096418732782;2.8925619834710745;6.336088154269973;4.958677685950414;52.34159779614325;Venstre;"<b style='color:#0781DD; font-size:1.5em;margin-bottom: 10px'>Venstre</b><br> blev størst på valgstedet Borris Hallen<br><span style='display:inline-block; width:0.3em; height:1.2em; vertical-align:middle;background:#0781DD;'></span><span style='display:inline-block; width:30px; font-size:1em;vertical-align:middle; margin-left: 4px'>V</span><span style='display:inline-block; width:50px; text-align:left; font-size:1em; vertical-align:middle'>52.3%</span><br><span style='display:inline-block; width:0.3em; height:1.2em; vertical-align:middle;background:#0075c9;'></span><span style='display:inline-block; width:30px; font-size:1em;vertical-align:middle; margin-left: 4px'>DD</span><span style='display:inline-block; width:50px; text-align:left; font-size:1em; vertical-align:middle'>16.8%</span><br><span style='display:inline-block; width:0.3em; height:1.2em; vertical-align:middle;background:#8B8474;'></span><span style='display:inline-block; width:30px; font-size:1em;vertical-align:middle; margin-left: 4px'>KD</span><span style='display:inline-block; width:50px; text-align:left; font-size:1em; vertical-align:middle'>10.1%</span><br><span style='display:inline-block; width:0.3em; height:1.2em; vertical-align:middle;background:#F00B2F;'></span><span style='display:inline-block; width:30px; font-size:1em;vertical-align:middle; margin-left: 4px'>S</span><span style='display:inline-block; width:50px; text-align:left; font-size:1em; vertical-align:middle'>6.3%</span><br><span style='display:inline-block; width:0.3em; height:1.2em; vertical-align:middle;background:#F257A9;'></span><span style='display:inline-block; width:30px; font-size:1em;vertical-align:middle; margin-left: 4px'>SF</span><span style='display:inline-block; width:50px; text-align:left; font-size:1em; vertical-align:middle'>5.0%</span><br><span style='display:inline-block; width:0.3em; height:1.2em; vertical-align:middle;background:#494949;'></span><span style='display:inline-block; width:30px; font-size:1em;vertical-align:middle; margin-left: 4px'>J</span><span style='display:inline-block; width:50px; text-align:left; font-size:1em; vertical-align:middle'>2.9%</span><br><span style='display:inline-block; width:0.3em; height:1.2em; vertical-align:middle;background:#48CEF3;'></span><span style='display:inline-block; width:30px; font-size:1em;vertical-align:middle; margin-left: 4px'>LA</span><span style='display:inline-block; width:50px; text-align:left; font-size:1em; vertical-align:middle'>2.9%</span><br><span style='display:inline-block; width:0.3em; height:1.2em; vertical-align:middle;background:#F6BA00;'></span><span style='display:inline-block; width:30px; font-size:1em;vertical-align:middle; margin-left: 4px'>DF</span><span style='display:inline-block; width:50px; text-align:left; font-size:1em; vertical-align:middle'>1.7%</span><br><span style='display:inline-block; width:0.3em; height:1.2em; vertical-align:middle;background:#06691E;'></span><span style='display:inline-block; width:30px; font-size:1em;vertical-align:middle; margin-left: 4px'>K</span><span style='display:inline-block; width:50px; text-align:left; font-size:1em; vertical-align:middle'>1.4%</span><br><span style='display:inline-block; width:0.3em; height:1.2em; vertical-align:middle;background:#494949;'></span><span style='display:inline-block; width:30px; font-size:1em;vertical-align:middle; margin-left: 4px'>D</span><span style='display:inline-block; width:50px; text-align:left; font-size:1em; vertical-align:middle'>0.4%</span><br><span style='display:inline-block; width:0.3em; height:1.2em; vertical-align:middle;background:#FF7400;'></span><span style='display:inline-block; width:30px; font-size:1em;vertical-align:middle; margin-left: 4px'>EL</span><span style='display:inline-block; width:50px; text-align:left; font-size:1em; vertical-align:middle'>0.3%</span>"
707956;Tarm;1;Tarm Idrætscenter, Hal A;760;83;403580;Skovvej 25, 6880 Tarm;Ringkøbing-Skjern;389184;ForeløbigOptælling;0.2062564455139223;17.394293571674115;2.9907184599518737;0.6875214850464076;2.7157098659333103;2.337573049157786;24.54451701615676;3.5407356479889995;9.694052939154348;16.87865245788931;19.009969061533173;Kristendemokraterne;"<b style='color:#8B8474; font-size:1.5em;margin-bottom: 10px'>Kristendemokraterne</b><br> blev størst på valgstedet Tarm Idrætscenter, Hal A<br><span style='display:inline-block; width:0.3em; height:1.2em; vertical-align:middle;background:#8B8474;'></span><span style='display:inline-block; width:30px; font-size:1em;vertical-align:middle; margin-left: 4px'>KD</span><span style='display:inline-block; width:50px; text-align:left; font-size:1em; vertical-align:middle'>24.5%</span><br><span style='display:inline-block; width:0.3em; height:1.2em; vertical-align:middle;background:#0781DD;'></span><span style='display:inline-block; width:30px; font-size:1em;vertical-align:middle; margin-left: 4px'>V</span><span style='display:inline-block; width:50px; text-align:left; font-size:1em; vertical-align:middle'>19.0%</span><br><span style='display:inline-block; width:0.3em; height:1.2em; vertical-align:middle;background:#0075c9;'></span><span style='display:inline-block; width:30px; font-size:1em;vertical-align:middle; margin-left: 4px'>DD</span><span style='display:inline-block; width:50px; text-align:left; font-size:1em; vertical-align:middle'>17.4%</span><br><span style='display:inline-block; width:0.3em; height:1.2em; vertical-align:middle;background:#F257A9;'></span><span style='display:inline-block; width:30px; font-size:1em;vertical-align:middle; margin-left: 4px'>SF</span><span style='display:inline-block; width:50px; text-align:left; font-size:1em; vertical-align:middle'>16.9%</span><br><span style='display:inline-block; width:0.3em; height:1.2em; vertical-align:middle;background:#F00B2F;'></span><span style='display:inline-block; width:30px; font-size:1em;vertical-align:middle; margin-left: 4px'>S</span><span style='display:inline-block; width:50px; text-align:left; font-size:1em; vertical-align:middle'>9.7%</span><br><span style='display:inline-block; width:0.3em; height:1.2em; vertical-align:middle;background:#48CEF3;'></span><span style='display:inline-block; width:30px; font-size:1em;vertical-align:middle; margin-left: 4px'>LA</span><span style='display:inline-block; width:50px; text-align:left; font-size:1em; vertical-align:middle'>3.5%</span><br><span style='display:inline-block; width:0.3em; height:1.2em; vertical-align:middle;background:#F6BA00;'></span><span style='display:inline-block; width:30px; font-size:1em;vertical-align:middle; margin-left: 4px'>DF</span><span style='display:inline-block; width:50px; text-align:left; font-size:1em; vertical-align:middle'>3.0%</span><br><span style='display:inline-block; width:0.3em; height:1.2em; vertical-align:middle;background:#494949;'></span><span style='display:inline-block; width:30px; font-size:1em;vertical-align:middle; margin-left: 4px'>J</span><span style='display:inline-block; width:50px; text-align:left; font-size:1em; vertical-align:middle'>2.7%</span><br><span style='display:inline-block; width:0.3em; height:1.2em; vertical-align:middle;background:#06691E;'></span><span style='display:inline-block; width:30px; font-size:1em;vertical-align:middle; margin-left: 4px'>K</span><span style='display:inline-block; width:50px; text-align:left; font-size:1em; vertical-align:middle'>2.3%</span><br><span style='display:inline-block; width:0.3em; height:1.2em; vertical-align:middle;background:#FF7400;'></span><span style='display:inline-block; width:30px; font-size:1em;vertical-align:middle; margin-left: 4px'>EL</span><span style='display:inline-block; width:50px; text-align:left; font-size:1em; vertical-align:middle'>0.7%</span><br><span style='display:inline-block; width:0.3em; height:1.2em; vertical-align:middle;background:#494949;'></span><span style='display:inline-block; width:30px; font-size:1em;vertical-align:middle; margin-left: 4px'>D</span><span style='display:inline-block; width:50px; text-align:left; font-size:1em; vertical-align:middle'>0.2%</span>"
