dagi_id;navn;nummer;afstemningssted_navn;kommune_id;opstillingskreds_nummer;opstillingskreds_dagi_id;afstemningssted_adresse;kommune_navn;kommune_dagi_id;resultat_art;D;DD;DF;EL;J;K;M;R;S;SF;V;største_parti;pop_up
704018;Hallund;56;Hallund Kro;810;86;403592;Sølvgade 74, 9700 Brønderslev;Brønderslev;389199;Fintælling;0.8982035928143712;15.269461077844312;5.089820359281437;2.9940119760479043;0.5988023952095809;9.880239520958083;0.2994011976047904;0.5988023952095809;18.562874251497004;8.982035928143713;36.82634730538922;Venstre;"<b style='color:#0781DD; font-size:1.5em;margin-bottom: 10px'>Venstre</b><br> blev størst på valgstedet Hallund Kro<br><span style='display:inline-block; width:0.3em; height:1.2em; vertical-align:middle;background:#0781DD;'></span><span style='display:inline-block; width:30px; font-size:1em;vertical-align:middle; margin-left: 4px'>V</span><span style='display:inline-block; width:50px; text-align:left; font-size:1em; vertical-align:middle'>36.8%</span><br><span style='display:inline-block; width:0.3em; height:1.2em; vertical-align:middle;background:#F00B2F;'></span><span style='display:inline-block; width:30px; font-size:1em;vertical-align:middle; margin-left: 4px'>S</span><span style='display:inline-block; width:50px; text-align:left; font-size:1em; vertical-align:middle'>18.6%</span><br><span style='display:inline-block; width:0.3em; height:1.2em; vertical-align:middle;background:#0075c9;'></span><span style='display:inline-block; width:30px; font-size:1em;vertical-align:middle; margin-left: 4px'>DD</span><span style='display:inline-block; width:50px; text-align:left; font-size:1em; vertical-align:middle'>15.3%</span><br><span style='display:inline-block; width:0.3em; height:1.2em; vertical-align:middle;background:#06691E;'></span><span style='display:inline-block; width:30px; font-size:1em;vertical-align:middle; margin-left: 4px'>K</span><span style='display:inline-block; width:50px; text-align:left; font-size:1em; vertical-align:middle'>9.9%</span><br><span style='display:inline-block; width:0.3em; height:1.2em; vertical-align:middle;background:#F257A9;'></span><span style='display:inline-block; width:30px; font-size:1em;vertical-align:middle; margin-left: 4px'>SF</span><span style='display:inline-block; width:50px; text-align:left; font-size:1em; vertical-align:middle'>9.0%</span><br><span style='display:inline-block; width:0.3em; height:1.2em; vertical-align:middle;background:#F6BA00;'></span><span style='display:inline-block; width:30px; font-size:1em;vertical-align:middle; margin-left: 4px'>DF</span><span style='display:inline-block; width:50px; text-align:left; font-size:1em; vertical-align:middle'>5.1%</span><br><span style='display:inline-block; width:0.3em; height:1.2em; vertical-align:middle;background:#FF7400;'></span><span style='display:inline-block; width:30px; font-size:1em;vertical-align:middle; margin-left: 4px'>EL</span><span style='display:inline-block; width:50px; text-align:left; font-size:1em; vertical-align:middle'>3.0%</span><br><span style='display:inline-block; width:0.3em; height:1.2em; vertical-align:middle;background:#494949;'></span><span style='display:inline-block; width:30px; font-size:1em;vertical-align:middle; margin-left: 4px'>D</span><span style='display:inline-block; width:50px; text-align:left; font-size:1em; vertical-align:middle'>0.9%</span><br><span style='display:inline-block; width:0.3em; height:1.2em; vertical-align:middle;background:#494949;'></span><span style='display:inline-block; width:30px; font-size:1em;vertical-align:middle; margin-left: 4px'>J</span><span style='display:inline-block; width:50px; text-align:left; font-size:1em; vertical-align:middle'>0.6%</span><br><span style='display:inline-block; width:0.3em; height:1.2em; vertical-align:middle;background:#662690;'></span><span style='display:inline-block; width:30px; font-size:1em;vertical-align:middle; margin-left: 4px'>R</span><span style='display:inline-block; width:50px; text-align:left; font-size:1em; vertical-align:middle'>0.6%</span><br><span style='display:inline-block; width:0.3em; height:1.2em; vertical-align:middle;background:#911995;'></span><span style='display:inline-block; width:30px; font-size:1em;vertical-align:middle; margin-left: 4px'>M</span><span style='display:inline-block; width:50px; text-align:left; font-size:1em; vertical-align:middle'>0.3%</span>"
700990;Hjallerup;5;Hjallerup Kulturhus;810;86;403592;Nørre Alle 3A, 9320 Hjallerup;Brønderslev;389199;Fintælling;0.2886002886002886;6.673881673881674;3.3910533910533913;1.5151515151515151;21.681096681096683;3.463203463203463;0.468975468975469;0.5411255411255411;17.027417027417027;7.431457431457432;37.51803751803752;Venstre;"<b style='color:#0781DD; font-size:1.5em;margin-bottom: 10px'>Venstre</b><br> blev størst på valgstedet Hjallerup Kulturhus<br><span style='display:inline-block; width:0.3em; height:1.2em; vertical-align:middle;background:#0781DD;'></span><span style='display:inline-block; width:30px; font-size:1em;vertical-align:middle; margin-left: 4px'>V</span><span style='display:inline-block; width:50px; text-align:left; font-size:1em; vertical-align:middle'>37.5%</span><br><span style='display:inline-block; width:0.3em; height:1.2em; vertical-align:middle;background:#494949;'></span><span style='display:inline-block; width:30px; font-size:1em;vertical-align:middle; margin-left: 4px'>J</span><span style='display:inline-block; width:50px; text-align:left; font-size:1em; vertical-align:middle'>21.7%</span><br><span style='display:inline-block; width:0.3em; height:1.2em; vertical-align:middle;background:#F00B2F;'></span><span style='display:inline-block; width:30px; font-size:1em;vertical-align:middle; margin-left: 4px'>S</span><span style='display:inline-block; width:50px; text-align:left; font-size:1em; vertical-align:middle'>17.0%</span><br><span style='display:inline-block; width:0.3em; height:1.2em; vertical-align:middle;background:#F257A9;'></span><span style='display:inline-block; width:30px; font-size:1em;vertical-align:middle; margin-left: 4px'>SF</span><span style='display:inline-block; width:50px; text-align:left; font-size:1em; vertical-align:middle'>7.4%</span><br><span style='display:inline-block; width:0.3em; height:1.2em; vertical-align:middle;background:#0075c9;'></span><span style='display:inline-block; width:30px; font-size:1em;vertical-align:middle; margin-left: 4px'>DD</span><span style='display:inline-block; width:50px; text-align:left; font-size:1em; vertical-align:middle'>6.7%</span><br><span style='display:inline-block; width:0.3em; height:1.2em; vertical-align:middle;background:#06691E;'></span><span style='display:inline-block; width:30px; font-size:1em;vertical-align:middle; margin-left: 4px'>K</span><span style='display:inline-block; width:50px; text-align:left; font-size:1em; vertical-align:middle'>3.5%</span><br><span style='display:inline-block; width:0.3em; height:1.2em; vertical-align:middle;background:#F6BA00;'></span><span style='display:inline-block; width:30px; font-size:1em;vertical-align:middle; margin-left: 4px'>DF</span><span style='display:inline-block; width:50px; text-align:left; font-size:1em; vertical-align:middle'>3.4%</span><br><span style='display:inline-block; width:0.3em; height:1.2em; vertical-align:middle;background:#FF7400;'></span><span style='display:inline-block; width:30px; font-size:1em;vertical-align:middle; margin-left: 4px'>EL</span><span style='display:inline-block; width:50px; text-align:left; font-size:1em; vertical-align:middle'>1.5%</span><br><span style='display:inline-block; width:0.3em; height:1.2em; vertical-align:middle;background:#662690;'></span><span style='display:inline-block; width:30px; font-size:1em;vertical-align:middle; margin-left: 4px'>R</span><span style='display:inline-block; width:50px; text-align:left; font-size:1em; vertical-align:middle'>0.5%</span><br><span style='display:inline-block; width:0.3em; height:1.2em; vertical-align:middle;background:#911995;'></span><span style='display:inline-block; width:30px; font-size:1em;vertical-align:middle; margin-left: 4px'>M</span><span style='display:inline-block; width:50px; text-align:left; font-size:1em; vertical-align:middle'>0.5%</span><br><span style='display:inline-block; width:0.3em; height:1.2em; vertical-align:middle;background:#494949;'></span><span style='display:inline-block; width:30px; font-size:1em;vertical-align:middle; margin-left: 4px'>D</span><span style='display:inline-block; width:50px; text-align:left; font-size:1em; vertical-align:middle'>0.3%</span>"
711454;Jerslev;70;Hallen på Toftegårdsskolen;810;86;403592;Sdr Ringgade 79, 9740 Jerslev J;Brønderslev;389199;Fintælling;0.835421888053467;19.799498746867165;5.764411027568922;3.341687552213868;0.5012531328320802;8.187134502923977;0.5012531328320802;0.6683375104427736;12.531328320802004;7.101086048454469;40.76858813700919;Venstre;"<b style='color:#0781DD; font-size:1.5em;margin-bottom: 10px'>Venstre</b><br> blev størst på valgstedet Hallen på Toftegårdsskolen<br><span style='display:inline-block; width:0.3em; height:1.2em; vertical-align:middle;background:#0781DD;'></span><span style='display:inline-block; width:30px; font-size:1em;vertical-align:middle; margin-left: 4px'>V</span><span style='display:inline-block; width:50px; text-align:left; font-size:1em; vertical-align:middle'>40.8%</span><br><span style='display:inline-block; width:0.3em; height:1.2em; vertical-align:middle;background:#0075c9;'></span><span style='display:inline-block; width:30px; font-size:1em;vertical-align:middle; margin-left: 4px'>DD</span><span style='display:inline-block; width:50px; text-align:left; font-size:1em; vertical-align:middle'>19.8%</span><br><span style='display:inline-block; width:0.3em; height:1.2em; vertical-align:middle;background:#F00B2F;'></span><span style='display:inline-block; width:30px; font-size:1em;vertical-align:middle; margin-left: 4px'>S</span><span style='display:inline-block; width:50px; text-align:left; font-size:1em; vertical-align:middle'>12.5%</span><br><span style='display:inline-block; width:0.3em; height:1.2em; vertical-align:middle;background:#06691E;'></span><span style='display:inline-block; width:30px; font-size:1em;vertical-align:middle; margin-left: 4px'>K</span><span style='display:inline-block; width:50px; text-align:left; font-size:1em; vertical-align:middle'>8.2%</span><br><span style='display:inline-block; width:0.3em; height:1.2em; vertical-align:middle;background:#F257A9;'></span><span style='display:inline-block; width:30px; font-size:1em;vertical-align:middle; margin-left: 4px'>SF</span><span style='display:inline-block; width:50px; text-align:left; font-size:1em; vertical-align:middle'>7.1%</span><br><span style='display:inline-block; width:0.3em; height:1.2em; vertical-align:middle;background:#F6BA00;'></span><span style='display:inline-block; width:30px; font-size:1em;vertical-align:middle; margin-left: 4px'>DF</span><span style='display:inline-block; width:50px; text-align:left; font-size:1em; vertical-align:middle'>5.8%</span><br><span style='display:inline-block; width:0.3em; height:1.2em; vertical-align:middle;background:#FF7400;'></span><span style='display:inline-block; width:30px; font-size:1em;vertical-align:middle; margin-left: 4px'>EL</span><span style='display:inline-block; width:50px; text-align:left; font-size:1em; vertical-align:middle'>3.3%</span><br><span style='display:inline-block; width:0.3em; height:1.2em; vertical-align:middle;background:#494949;'></span><span style='display:inline-block; width:30px; font-size:1em;vertical-align:middle; margin-left: 4px'>D</span><span style='display:inline-block; width:50px; text-align:left; font-size:1em; vertical-align:middle'>0.8%</span><br><span style='display:inline-block; width:0.3em; height:1.2em; vertical-align:middle;background:#662690;'></span><span style='display:inline-block; width:30px; font-size:1em;vertical-align:middle; margin-left: 4px'>R</span><span style='display:inline-block; width:50px; text-align:left; font-size:1em; vertical-align:middle'>0.7%</span><br><span style='display:inline-block; width:0.3em; height:1.2em; vertical-align:middle;background:#494949;'></span><span style='display:inline-block; width:30px; font-size:1em;vertical-align:middle; margin-left: 4px'>J</span><span style='display:inline-block; width:50px; text-align:left; font-size:1em; vertical-align:middle'>0.5%</span><br><span style='display:inline-block; width:0.3em; height:1.2em; vertical-align:middle;background:#911995;'></span><span style='display:inline-block; width:30px; font-size:1em;vertical-align:middle; margin-left: 4px'>M</span><span style='display:inline-block; width:50px; text-align:left; font-size:1em; vertical-align:middle'>0.5%</span>"
705646;Ø. Brønderslev;50;Samlingshuset;810;86;403592;Elmevej 124, 9700 Brønderslev;Brønderslev;389199;Fintælling;1.4874141876430207;10.297482837528603;2.8604118993135015;3.0892448512585813;0.5720823798627002;14.187643020594964;1.1441647597254003;0.8009153318077803;19.679633867276888;8.695652173913043;37.18535469107552;Venstre;"<b style='color:#0781DD; font-size:1.5em;margin-bottom: 10px'>Venstre</b><br> blev størst på valgstedet Samlingshuset<br><span style='display:inline-block; width:0.3em; height:1.2em; vertical-align:middle;background:#0781DD;'></span><span style='display:inline-block; width:30px; font-size:1em;vertical-align:middle; margin-left: 4px'>V</span><span style='display:inline-block; width:50px; text-align:left; font-size:1em; vertical-align:middle'>37.2%</span><br><span style='display:inline-block; width:0.3em; height:1.2em; vertical-align:middle;background:#F00B2F;'></span><span style='display:inline-block; width:30px; font-size:1em;vertical-align:middle; margin-left: 4px'>S</span><span style='display:inline-block; width:50px; text-align:left; font-size:1em; vertical-align:middle'>19.7%</span><br><span style='display:inline-block; width:0.3em; height:1.2em; vertical-align:middle;background:#06691E;'></span><span style='display:inline-block; width:30px; font-size:1em;vertical-align:middle; margin-left: 4px'>K</span><span style='display:inline-block; width:50px; text-align:left; font-size:1em; vertical-align:middle'>14.2%</span><br><span style='display:inline-block; width:0.3em; height:1.2em; vertical-align:middle;background:#0075c9;'></span><span style='display:inline-block; width:30px; font-size:1em;vertical-align:middle; margin-left: 4px'>DD</span><span style='display:inline-block; width:50px; text-align:left; font-size:1em; vertical-align:middle'>10.3%</span><br><span style='display:inline-block; width:0.3em; height:1.2em; vertical-align:middle;background:#F257A9;'></span><span style='display:inline-block; width:30px; font-size:1em;vertical-align:middle; margin-left: 4px'>SF</span><span style='display:inline-block; width:50px; text-align:left; font-size:1em; vertical-align:middle'>8.7%</span><br><span style='display:inline-block; width:0.3em; height:1.2em; vertical-align:middle;background:#FF7400;'></span><span style='display:inline-block; width:30px; font-size:1em;vertical-align:middle; margin-left: 4px'>EL</span><span style='display:inline-block; width:50px; text-align:left; font-size:1em; vertical-align:middle'>3.1%</span><br><span style='display:inline-block; width:0.3em; height:1.2em; vertical-align:middle;background:#F6BA00;'></span><span style='display:inline-block; width:30px; font-size:1em;vertical-align:middle; margin-left: 4px'>DF</span><span style='display:inline-block; width:50px; text-align:left; font-size:1em; vertical-align:middle'>2.9%</span><br><span style='display:inline-block; width:0.3em; height:1.2em; vertical-align:middle;background:#494949;'></span><span style='display:inline-block; width:30px; font-size:1em;vertical-align:middle; margin-left: 4px'>D</span><span style='display:inline-block; width:50px; text-align:left; font-size:1em; vertical-align:middle'>1.5%</span><br><span style='display:inline-block; width:0.3em; height:1.2em; vertical-align:middle;background:#911995;'></span><span style='display:inline-block; width:30px; font-size:1em;vertical-align:middle; margin-left: 4px'>M</span><span style='display:inline-block; width:50px; text-align:left; font-size:1em; vertical-align:middle'>1.1%</span><br><span style='display:inline-block; width:0.3em; height:1.2em; vertical-align:middle;background:#662690;'></span><span style='display:inline-block; width:30px; font-size:1em;vertical-align:middle; margin-left: 4px'>R</span><span style='display:inline-block; width:50px; text-align:left; font-size:1em; vertical-align:middle'>0.8%</span><br><span style='display:inline-block; width:0.3em; height:1.2em; vertical-align:middle;background:#494949;'></span><span style='display:inline-block; width:30px; font-size:1em;vertical-align:middle; margin-left: 4px'>J</span><span style='display:inline-block; width:50px; text-align:left; font-size:1em; vertical-align:middle'>0.6%</span>"
710140;Brønderslev;10;Brønderslev Hallen;810;86;403592;Knudsgade 15, 9700 Brønderslev;Brønderslev;389199;Fintælling;0.5642719515551885;7.775942747041014;3.3993944398568674;3.6746490503715936;0.8120011010184421;9.331131296449216;1.610239471511148;0.7294247178640243;24.23616845582163;11.271676300578036;36.59510046793284;Venstre;"<b style='color:#0781DD; font-size:1.5em;margin-bottom: 10px'>Venstre</b><br> blev størst på valgstedet Brønderslev Hallen<br><span style='display:inline-block; width:0.3em; height:1.2em; vertical-align:middle;background:#0781DD;'></span><span style='display:inline-block; width:30px; font-size:1em;vertical-align:middle; margin-left: 4px'>V</span><span style='display:inline-block; width:50px; text-align:left; font-size:1em; vertical-align:middle'>36.6%</span><br><span style='display:inline-block; width:0.3em; height:1.2em; vertical-align:middle;background:#F00B2F;'></span><span style='display:inline-block; width:30px; font-size:1em;vertical-align:middle; margin-left: 4px'>S</span><span style='display:inline-block; width:50px; text-align:left; font-size:1em; vertical-align:middle'>24.2%</span><br><span style='display:inline-block; width:0.3em; height:1.2em; vertical-align:middle;background:#F257A9;'></span><span style='display:inline-block; width:30px; font-size:1em;vertical-align:middle; margin-left: 4px'>SF</span><span style='display:inline-block; width:50px; text-align:left; font-size:1em; vertical-align:middle'>11.3%</span><br><span style='display:inline-block; width:0.3em; height:1.2em; vertical-align:middle;background:#06691E;'></span><span style='display:inline-block; width:30px; font-size:1em;vertical-align:middle; margin-left: 4px'>K</span><span style='display:inline-block; width:50px; text-align:left; font-size:1em; vertical-align:middle'>9.3%</span><br><span style='display:inline-block; width:0.3em; height:1.2em; vertical-align:middle;background:#0075c9;'></span><span style='display:inline-block; width:30px; font-size:1em;vertical-align:middle; margin-left: 4px'>DD</span><span style='display:inline-block; width:50px; text-align:left; font-size:1em; vertical-align:middle'>7.8%</span><br><span style='display:inline-block; width:0.3em; height:1.2em; vertical-align:middle;background:#FF7400;'></span><span style='display:inline-block; width:30px; font-size:1em;vertical-align:middle; margin-left: 4px'>EL</span><span style='display:inline-block; width:50px; text-align:left; font-size:1em; vertical-align:middle'>3.7%</span><br><span style='display:inline-block; width:0.3em; height:1.2em; vertical-align:middle;background:#F6BA00;'></span><span style='display:inline-block; width:30px; font-size:1em;vertical-align:middle; margin-left: 4px'>DF</span><span style='display:inline-block; width:50px; text-align:left; font-size:1em; vertical-align:middle'>3.4%</span><br><span style='display:inline-block; width:0.3em; height:1.2em; vertical-align:middle;background:#911995;'></span><span style='display:inline-block; width:30px; font-size:1em;vertical-align:middle; margin-left: 4px'>M</span><span style='display:inline-block; width:50px; text-align:left; font-size:1em; vertical-align:middle'>1.6%</span><br><span style='display:inline-block; width:0.3em; height:1.2em; vertical-align:middle;background:#494949;'></span><span style='display:inline-block; width:30px; font-size:1em;vertical-align:middle; margin-left: 4px'>J</span><span style='display:inline-block; width:50px; text-align:left; font-size:1em; vertical-align:middle'>0.8%</span><br><span style='display:inline-block; width:0.3em; height:1.2em; vertical-align:middle;background:#662690;'></span><span style='display:inline-block; width:30px; font-size:1em;vertical-align:middle; margin-left: 4px'>R</span><span style='display:inline-block; width:50px; text-align:left; font-size:1em; vertical-align:middle'>0.7%</span><br><span style='display:inline-block; width:0.3em; height:1.2em; vertical-align:middle;background:#494949;'></span><span style='display:inline-block; width:30px; font-size:1em;vertical-align:middle; margin-left: 4px'>D</span><span style='display:inline-block; width:50px; text-align:left; font-size:1em; vertical-align:middle'>0.6%</span>"
708630;Serritslev;80;Serritslev Forsamlingshus;810;86;403592;Hybenvej 3, 9700 Brønderslev;Brønderslev;389199;Fintælling;0.2032520325203252;14.83739837398374;1.4227642276422765;4.0650406504065035;1.6260162601626018;4.67479674796748;0.4065040650406504;0.2032520325203252;11.788617886178862;6.097560975609756;54.67479674796748;Venstre;"<b style='color:#0781DD; font-size:1.5em;margin-bottom: 10px'>Venstre</b><br> blev størst på valgstedet Serritslev Forsamlingshus<br><span style='display:inline-block; width:0.3em; height:1.2em; vertical-align:middle;background:#0781DD;'></span><span style='display:inline-block; width:30px; font-size:1em;vertical-align:middle; margin-left: 4px'>V</span><span style='display:inline-block; width:50px; text-align:left; font-size:1em; vertical-align:middle'>54.7%</span><br><span style='display:inline-block; width:0.3em; height:1.2em; vertical-align:middle;background:#0075c9;'></span><span style='display:inline-block; width:30px; font-size:1em;vertical-align:middle; margin-left: 4px'>DD</span><span style='display:inline-block; width:50px; text-align:left; font-size:1em; vertical-align:middle'>14.8%</span><br><span style='display:inline-block; width:0.3em; height:1.2em; vertical-align:middle;background:#F00B2F;'></span><span style='display:inline-block; width:30px; font-size:1em;vertical-align:middle; margin-left: 4px'>S</span><span style='display:inline-block; width:50px; text-align:left; font-size:1em; vertical-align:middle'>11.8%</span><br><span style='display:inline-block; width:0.3em; height:1.2em; vertical-align:middle;background:#F257A9;'></span><span style='display:inline-block; width:30px; font-size:1em;vertical-align:middle; margin-left: 4px'>SF</span><span style='display:inline-block; width:50px; text-align:left; font-size:1em; vertical-align:middle'>6.1%</span><br><span style='display:inline-block; width:0.3em; height:1.2em; vertical-align:middle;background:#06691E;'></span><span style='display:inline-block; width:30px; font-size:1em;vertical-align:middle; margin-left: 4px'>K</span><span style='display:inline-block; width:50px; text-align:left; font-size:1em; vertical-align:middle'>4.7%</span><br><span style='display:inline-block; width:0.3em; height:1.2em; vertical-align:middle;background:#FF7400;'></span><span style='display:inline-block; width:30px; font-size:1em;vertical-align:middle; margin-left: 4px'>EL</span><span style='display:inline-block; width:50px; text-align:left; font-size:1em; vertical-align:middle'>4.1%</span><br><span style='display:inline-block; width:0.3em; height:1.2em; vertical-align:middle;background:#494949;'></span><span style='display:inline-block; width:30px; font-size:1em;vertical-align:middle; margin-left: 4px'>J</span><span style='display:inline-block; width:50px; text-align:left; font-size:1em; vertical-align:middle'>1.6%</span><br><span style='display:inline-block; width:0.3em; height:1.2em; vertical-align:middle;background:#F6BA00;'></span><span style='display:inline-block; width:30px; font-size:1em;vertical-align:middle; margin-left: 4px'>DF</span><span style='display:inline-block; width:50px; text-align:left; font-size:1em; vertical-align:middle'>1.4%</span><br><span style='display:inline-block; width:0.3em; height:1.2em; vertical-align:middle;background:#911995;'></span><span style='display:inline-block; width:30px; font-size:1em;vertical-align:middle; margin-left: 4px'>M</span><span style='display:inline-block; width:50px; text-align:left; font-size:1em; vertical-align:middle'>0.4%</span><br><span style='display:inline-block; width:0.3em; height:1.2em; vertical-align:middle;background:#494949;'></span><span style='display:inline-block; width:30px; font-size:1em;vertical-align:middle; margin-left: 4px'>D</span><span style='display:inline-block; width:50px; text-align:left; font-size:1em; vertical-align:middle'>0.2%</span><br><span style='display:inline-block; width:0.3em; height:1.2em; vertical-align:middle;background:#662690;'></span><span style='display:inline-block; width:30px; font-size:1em;vertical-align:middle; margin-left: 4px'>R</span><span style='display:inline-block; width:50px; text-align:left; font-size:1em; vertical-align:middle'>0.2%</span>"
704012;Thise;40;Manna-Thise Samlingshus;810;86;403592;Jens Thise Vej 33, 9700 Brønderslev;Brønderslev;389199;Fintælling;0.425531914893617;11.48936170212766;2.6950354609929077;2.6950354609929077;0.5673758865248227;6.24113475177305;0.425531914893617;0.9929078014184398;26.95035460992908;5.957446808510639;41.56028368794326;Venstre;"<b style='color:#0781DD; font-size:1.5em;margin-bottom: 10px'>Venstre</b><br> blev størst på valgstedet Manna-Thise Samlingshus<br><span style='display:inline-block; width:0.3em; height:1.2em; vertical-align:middle;background:#0781DD;'></span><span style='display:inline-block; width:30px; font-size:1em;vertical-align:middle; margin-left: 4px'>V</span><span style='display:inline-block; width:50px; text-align:left; font-size:1em; vertical-align:middle'>41.6%</span><br><span style='display:inline-block; width:0.3em; height:1.2em; vertical-align:middle;background:#F00B2F;'></span><span style='display:inline-block; width:30px; font-size:1em;vertical-align:middle; margin-left: 4px'>S</span><span style='display:inline-block; width:50px; text-align:left; font-size:1em; vertical-align:middle'>27.0%</span><br><span style='display:inline-block; width:0.3em; height:1.2em; vertical-align:middle;background:#0075c9;'></span><span style='display:inline-block; width:30px; font-size:1em;vertical-align:middle; margin-left: 4px'>DD</span><span style='display:inline-block; width:50px; text-align:left; font-size:1em; vertical-align:middle'>11.5%</span><br><span style='display:inline-block; width:0.3em; height:1.2em; vertical-align:middle;background:#06691E;'></span><span style='display:inline-block; width:30px; font-size:1em;vertical-align:middle; margin-left: 4px'>K</span><span style='display:inline-block; width:50px; text-align:left; font-size:1em; vertical-align:middle'>6.2%</span><br><span style='display:inline-block; width:0.3em; height:1.2em; vertical-align:middle;background:#F257A9;'></span><span style='display:inline-block; width:30px; font-size:1em;vertical-align:middle; margin-left: 4px'>SF</span><span style='display:inline-block; width:50px; text-align:left; font-size:1em; vertical-align:middle'>6.0%</span><br><span style='display:inline-block; width:0.3em; height:1.2em; vertical-align:middle;background:#F6BA00;'></span><span style='display:inline-block; width:30px; font-size:1em;vertical-align:middle; margin-left: 4px'>DF</span><span style='display:inline-block; width:50px; text-align:left; font-size:1em; vertical-align:middle'>2.7%</span><br><span style='display:inline-block; width:0.3em; height:1.2em; vertical-align:middle;background:#FF7400;'></span><span style='display:inline-block; width:30px; font-size:1em;vertical-align:middle; margin-left: 4px'>EL</span><span style='display:inline-block; width:50px; text-align:left; font-size:1em; vertical-align:middle'>2.7%</span><br><span style='display:inline-block; width:0.3em; height:1.2em; vertical-align:middle;background:#662690;'></span><span style='display:inline-block; width:30px; font-size:1em;vertical-align:middle; margin-left: 4px'>R</span><span style='display:inline-block; width:50px; text-align:left; font-size:1em; vertical-align:middle'>1.0%</span><br><span style='display:inline-block; width:0.3em; height:1.2em; vertical-align:middle;background:#494949;'></span><span style='display:inline-block; width:30px; font-size:1em;vertical-align:middle; margin-left: 4px'>J</span><span style='display:inline-block; width:50px; text-align:left; font-size:1em; vertical-align:middle'>0.6%</span><br><span style='display:inline-block; width:0.3em; height:1.2em; vertical-align:middle;background:#494949;'></span><span style='display:inline-block; width:30px; font-size:1em;vertical-align:middle; margin-left: 4px'>D</span><span style='display:inline-block; width:50px; text-align:left; font-size:1em; vertical-align:middle'>0.4%</span><br><span style='display:inline-block; width:0.3em; height:1.2em; vertical-align:middle;background:#911995;'></span><span style='display:inline-block; width:30px; font-size:1em;vertical-align:middle; margin-left: 4px'>M</span><span style='display:inline-block; width:50px; text-align:left; font-size:1em; vertical-align:middle'>0.4%</span>"
702304;Stenum;34;Stenum Kultur- og Forsamlingshus;810;86;403592;Tømmerbyvej 6, 9700 Brønderslev;Brønderslev;389199;Fintælling;0.5681818181818182;13.920454545454543;2.840909090909091;2.840909090909091;0.0;4.829545454545454;0.0;0.5681818181818182;17.045454545454543;8.806818181818182;48.57954545454545;Venstre;"<b style='color:#0781DD; font-size:1.5em;margin-bottom: 10px'>Venstre</b><br> blev størst på valgstedet Stenum Kultur- og Forsamlingshus<br><span style='display:inline-block; width:0.3em; height:1.2em; vertical-align:middle;background:#0781DD;'></span><span style='display:inline-block; width:30px; font-size:1em;vertical-align:middle; margin-left: 4px'>V</span><span style='display:inline-block; width:50px; text-align:left; font-size:1em; vertical-align:middle'>48.6%</span><br><span style='display:inline-block; width:0.3em; height:1.2em; vertical-align:middle;background:#F00B2F;'></span><span style='display:inline-block; width:30px; font-size:1em;vertical-align:middle; margin-left: 4px'>S</span><span style='display:inline-block; width:50px; text-align:left; font-size:1em; vertical-align:middle'>17.0%</span><br><span style='display:inline-block; width:0.3em; height:1.2em; vertical-align:middle;background:#0075c9;'></span><span style='display:inline-block; width:30px; font-size:1em;vertical-align:middle; margin-left: 4px'>DD</span><span style='display:inline-block; width:50px; text-align:left; font-size:1em; vertical-align:middle'>13.9%</span><br><span style='display:inline-block; width:0.3em; height:1.2em; vertical-align:middle;background:#F257A9;'></span><span style='display:inline-block; width:30px; font-size:1em;vertical-align:middle; margin-left: 4px'>SF</span><span style='display:inline-block; width:50px; text-align:left; font-size:1em; vertical-align:middle'>8.8%</span><br><span style='display:inline-block; width:0.3em; height:1.2em; vertical-align:middle;background:#06691E;'></span><span style='display:inline-block; width:30px; font-size:1em;vertical-align:middle; margin-left: 4px'>K</span><span style='display:inline-block; width:50px; text-align:left; font-size:1em; vertical-align:middle'>4.8%</span><br><span style='display:inline-block; width:0.3em; height:1.2em; vertical-align:middle;background:#F6BA00;'></span><span style='display:inline-block; width:30px; font-size:1em;vertical-align:middle; margin-left: 4px'>DF</span><span style='display:inline-block; width:50px; text-align:left; font-size:1em; vertical-align:middle'>2.8%</span><br><span style='display:inline-block; width:0.3em; height:1.2em; vertical-align:middle;background:#FF7400;'></span><span style='display:inline-block; width:30px; font-size:1em;vertical-align:middle; margin-left: 4px'>EL</span><span style='display:inline-block; width:50px; text-align:left; font-size:1em; vertical-align:middle'>2.8%</span><br><span style='display:inline-block; width:0.3em; height:1.2em; vertical-align:middle;background:#494949;'></span><span style='display:inline-block; width:30px; font-size:1em;vertical-align:middle; margin-left: 4px'>D</span><span style='display:inline-block; width:50px; text-align:left; font-size:1em; vertical-align:middle'>0.6%</span><br><span style='display:inline-block; width:0.3em; height:1.2em; vertical-align:middle;background:#662690;'></span><span style='display:inline-block; width:30px; font-size:1em;vertical-align:middle; margin-left: 4px'>R</span><span style='display:inline-block; width:50px; text-align:left; font-size:1em; vertical-align:middle'>0.6%</span><br><span style='display:inline-block; width:0.3em; height:1.2em; vertical-align:middle;background:#494949;'></span><span style='display:inline-block; width:30px; font-size:1em;vertical-align:middle; margin-left: 4px'>J</span><span style='display:inline-block; width:50px; text-align:left; font-size:1em; vertical-align:middle'>0.0%</span><br><span style='display:inline-block; width:0.3em; height:1.2em; vertical-align:middle;background:#911995;'></span><span style='display:inline-block; width:30px; font-size:1em;vertical-align:middle; margin-left: 4px'>M</span><span style='display:inline-block; width:50px; text-align:left; font-size:1em; vertical-align:middle'>0.0%</span>"
704006;Klokkerholm;6;Klokkerholm Hallen;810;86;403592;Anemonevej 5, Klokkerholm, 9320 Hjallerup;Brønderslev;389199;Fintælling;0.3846153846153846;11.923076923076923;5.480769230769231;4.326923076923077;4.230769230769231;2.403846153846154;0.3846153846153846;0.9615384615384616;17.884615384615383;7.115384615384615;44.90384615384615;Venstre;"<b style='color:#0781DD; font-size:1.5em;margin-bottom: 10px'>Venstre</b><br> blev størst på valgstedet Klokkerholm Hallen<br><span style='display:inline-block; width:0.3em; height:1.2em; vertical-align:middle;background:#0781DD;'></span><span style='display:inline-block; width:30px; font-size:1em;vertical-align:middle; margin-left: 4px'>V</span><span style='display:inline-block; width:50px; text-align:left; font-size:1em; vertical-align:middle'>44.9%</span><br><span style='display:inline-block; width:0.3em; height:1.2em; vertical-align:middle;background:#F00B2F;'></span><span style='display:inline-block; width:30px; font-size:1em;vertical-align:middle; margin-left: 4px'>S</span><span style='display:inline-block; width:50px; text-align:left; font-size:1em; vertical-align:middle'>17.9%</span><br><span style='display:inline-block; width:0.3em; height:1.2em; vertical-align:middle;background:#0075c9;'></span><span style='display:inline-block; width:30px; font-size:1em;vertical-align:middle; margin-left: 4px'>DD</span><span style='display:inline-block; width:50px; text-align:left; font-size:1em; vertical-align:middle'>11.9%</span><br><span style='display:inline-block; width:0.3em; height:1.2em; vertical-align:middle;background:#F257A9;'></span><span style='display:inline-block; width:30px; font-size:1em;vertical-align:middle; margin-left: 4px'>SF</span><span style='display:inline-block; width:50px; text-align:left; font-size:1em; vertical-align:middle'>7.1%</span><br><span style='display:inline-block; width:0.3em; height:1.2em; vertical-align:middle;background:#F6BA00;'></span><span style='display:inline-block; width:30px; font-size:1em;vertical-align:middle; margin-left: 4px'>DF</span><span style='display:inline-block; width:50px; text-align:left; font-size:1em; vertical-align:middle'>5.5%</span><br><span style='display:inline-block; width:0.3em; height:1.2em; vertical-align:middle;background:#FF7400;'></span><span style='display:inline-block; width:30px; font-size:1em;vertical-align:middle; margin-left: 4px'>EL</span><span style='display:inline-block; width:50px; text-align:left; font-size:1em; vertical-align:middle'>4.3%</span><br><span style='display:inline-block; width:0.3em; height:1.2em; vertical-align:middle;background:#494949;'></span><span style='display:inline-block; width:30px; font-size:1em;vertical-align:middle; margin-left: 4px'>J</span><span style='display:inline-block; width:50px; text-align:left; font-size:1em; vertical-align:middle'>4.2%</span><br><span style='display:inline-block; width:0.3em; height:1.2em; vertical-align:middle;background:#06691E;'></span><span style='display:inline-block; width:30px; font-size:1em;vertical-align:middle; margin-left: 4px'>K</span><span style='display:inline-block; width:50px; text-align:left; font-size:1em; vertical-align:middle'>2.4%</span><br><span style='display:inline-block; width:0.3em; height:1.2em; vertical-align:middle;background:#662690;'></span><span style='display:inline-block; width:30px; font-size:1em;vertical-align:middle; margin-left: 4px'>R</span><span style='display:inline-block; width:50px; text-align:left; font-size:1em; vertical-align:middle'>1.0%</span><br><span style='display:inline-block; width:0.3em; height:1.2em; vertical-align:middle;background:#494949;'></span><span style='display:inline-block; width:30px; font-size:1em;vertical-align:middle; margin-left: 4px'>D</span><span style='display:inline-block; width:50px; text-align:left; font-size:1em; vertical-align:middle'>0.4%</span><br><span style='display:inline-block; width:0.3em; height:1.2em; vertical-align:middle;background:#911995;'></span><span style='display:inline-block; width:30px; font-size:1em;vertical-align:middle; margin-left: 4px'>M</span><span style='display:inline-block; width:50px; text-align:left; font-size:1em; vertical-align:middle'>0.4%</span>"
700996;Flauenskjold;4;Flauenskjold Kulturhus;810;86;403592;Ålborgvej 583, Flauenskjold, 9330 Dronninglund;Brønderslev;389199;Fintælling;0.56657223796034;7.365439093484419;21.388101983002834;3.824362606232295;1.5580736543909348;1.5580736543909348;0.424929178470255;0.9915014164305948;8.78186968838527;2.6912181303116145;50.84985835694051;Venstre;"<b style='color:#0781DD; font-size:1.5em;margin-bottom: 10px'>Venstre</b><br> blev størst på valgstedet Flauenskjold Kulturhus<br><span style='display:inline-block; width:0.3em; height:1.2em; vertical-align:middle;background:#0781DD;'></span><span style='display:inline-block; width:30px; font-size:1em;vertical-align:middle; margin-left: 4px'>V</span><span style='display:inline-block; width:50px; text-align:left; font-size:1em; vertical-align:middle'>50.8%</span><br><span style='display:inline-block; width:0.3em; height:1.2em; vertical-align:middle;background:#F6BA00;'></span><span style='display:inline-block; width:30px; font-size:1em;vertical-align:middle; margin-left: 4px'>DF</span><span style='display:inline-block; width:50px; text-align:left; font-size:1em; vertical-align:middle'>21.4%</span><br><span style='display:inline-block; width:0.3em; height:1.2em; vertical-align:middle;background:#F00B2F;'></span><span style='display:inline-block; width:30px; font-size:1em;vertical-align:middle; margin-left: 4px'>S</span><span style='display:inline-block; width:50px; text-align:left; font-size:1em; vertical-align:middle'>8.8%</span><br><span style='display:inline-block; width:0.3em; height:1.2em; vertical-align:middle;background:#0075c9;'></span><span style='display:inline-block; width:30px; font-size:1em;vertical-align:middle; margin-left: 4px'>DD</span><span style='display:inline-block; width:50px; text-align:left; font-size:1em; vertical-align:middle'>7.4%</span><br><span style='display:inline-block; width:0.3em; height:1.2em; vertical-align:middle;background:#FF7400;'></span><span style='display:inline-block; width:30px; font-size:1em;vertical-align:middle; margin-left: 4px'>EL</span><span style='display:inline-block; width:50px; text-align:left; font-size:1em; vertical-align:middle'>3.8%</span><br><span style='display:inline-block; width:0.3em; height:1.2em; vertical-align:middle;background:#F257A9;'></span><span style='display:inline-block; width:30px; font-size:1em;vertical-align:middle; margin-left: 4px'>SF</span><span style='display:inline-block; width:50px; text-align:left; font-size:1em; vertical-align:middle'>2.7%</span><br><span style='display:inline-block; width:0.3em; height:1.2em; vertical-align:middle;background:#494949;'></span><span style='display:inline-block; width:30px; font-size:1em;vertical-align:middle; margin-left: 4px'>J</span><span style='display:inline-block; width:50px; text-align:left; font-size:1em; vertical-align:middle'>1.6%</span><br><span style='display:inline-block; width:0.3em; height:1.2em; vertical-align:middle;background:#06691E;'></span><span style='display:inline-block; width:30px; font-size:1em;vertical-align:middle; margin-left: 4px'>K</span><span style='display:inline-block; width:50px; text-align:left; font-size:1em; vertical-align:middle'>1.6%</span><br><span style='display:inline-block; width:0.3em; height:1.2em; vertical-align:middle;background:#662690;'></span><span style='display:inline-block; width:30px; font-size:1em;vertical-align:middle; margin-left: 4px'>R</span><span style='display:inline-block; width:50px; text-align:left; font-size:1em; vertical-align:middle'>1.0%</span><br><span style='display:inline-block; width:0.3em; height:1.2em; vertical-align:middle;background:#494949;'></span><span style='display:inline-block; width:30px; font-size:1em;vertical-align:middle; margin-left: 4px'>D</span><span style='display:inline-block; width:50px; text-align:left; font-size:1em; vertical-align:middle'>0.6%</span><br><span style='display:inline-block; width:0.3em; height:1.2em; vertical-align:middle;background:#911995;'></span><span style='display:inline-block; width:30px; font-size:1em;vertical-align:middle; margin-left: 4px'>M</span><span style='display:inline-block; width:50px; text-align:left; font-size:1em; vertical-align:middle'>0.4%</span>"
708636;Asaa;2;Asaa-Hallen;810;86;403592;Møllehusvej 7, 9340 Asaa;Brønderslev;389199;Fintælling;0.3285870755750273;9.200438116100766;6.133625410733845;3.0668127053669223;9.748083242059144;2.9572836801752467;1.2048192771084338;2.7382256297918945;28.148959474260675;6.024096385542169;30.44906900328587;Venstre;"<b style='color:#0781DD; font-size:1.5em;margin-bottom: 10px'>Venstre</b><br> blev størst på valgstedet Asaa-Hallen<br><span style='display:inline-block; width:0.3em; height:1.2em; vertical-align:middle;background:#0781DD;'></span><span style='display:inline-block; width:30px; font-size:1em;vertical-align:middle; margin-left: 4px'>V</span><span style='display:inline-block; width:50px; text-align:left; font-size:1em; vertical-align:middle'>30.4%</span><br><span style='display:inline-block; width:0.3em; height:1.2em; vertical-align:middle;background:#F00B2F;'></span><span style='display:inline-block; width:30px; font-size:1em;vertical-align:middle; margin-left: 4px'>S</span><span style='display:inline-block; width:50px; text-align:left; font-size:1em; vertical-align:middle'>28.1%</span><br><span style='display:inline-block; width:0.3em; height:1.2em; vertical-align:middle;background:#494949;'></span><span style='display:inline-block; width:30px; font-size:1em;vertical-align:middle; margin-left: 4px'>J</span><span style='display:inline-block; width:50px; text-align:left; font-size:1em; vertical-align:middle'>9.7%</span><br><span style='display:inline-block; width:0.3em; height:1.2em; vertical-align:middle;background:#0075c9;'></span><span style='display:inline-block; width:30px; font-size:1em;vertical-align:middle; margin-left: 4px'>DD</span><span style='display:inline-block; width:50px; text-align:left; font-size:1em; vertical-align:middle'>9.2%</span><br><span style='display:inline-block; width:0.3em; height:1.2em; vertical-align:middle;background:#F6BA00;'></span><span style='display:inline-block; width:30px; font-size:1em;vertical-align:middle; margin-left: 4px'>DF</span><span style='display:inline-block; width:50px; text-align:left; font-size:1em; vertical-align:middle'>6.1%</span><br><span style='display:inline-block; width:0.3em; height:1.2em; vertical-align:middle;background:#F257A9;'></span><span style='display:inline-block; width:30px; font-size:1em;vertical-align:middle; margin-left: 4px'>SF</span><span style='display:inline-block; width:50px; text-align:left; font-size:1em; vertical-align:middle'>6.0%</span><br><span style='display:inline-block; width:0.3em; height:1.2em; vertical-align:middle;background:#FF7400;'></span><span style='display:inline-block; width:30px; font-size:1em;vertical-align:middle; margin-left: 4px'>EL</span><span style='display:inline-block; width:50px; text-align:left; font-size:1em; vertical-align:middle'>3.1%</span><br><span style='display:inline-block; width:0.3em; height:1.2em; vertical-align:middle;background:#06691E;'></span><span style='display:inline-block; width:30px; font-size:1em;vertical-align:middle; margin-left: 4px'>K</span><span style='display:inline-block; width:50px; text-align:left; font-size:1em; vertical-align:middle'>3.0%</span><br><span style='display:inline-block; width:0.3em; height:1.2em; vertical-align:middle;background:#662690;'></span><span style='display:inline-block; width:30px; font-size:1em;vertical-align:middle; margin-left: 4px'>R</span><span style='display:inline-block; width:50px; text-align:left; font-size:1em; vertical-align:middle'>2.7%</span><br><span style='display:inline-block; width:0.3em; height:1.2em; vertical-align:middle;background:#911995;'></span><span style='display:inline-block; width:30px; font-size:1em;vertical-align:middle; margin-left: 4px'>M</span><span style='display:inline-block; width:50px; text-align:left; font-size:1em; vertical-align:middle'>1.2%</span><br><span style='display:inline-block; width:0.3em; height:1.2em; vertical-align:middle;background:#494949;'></span><span style='display:inline-block; width:30px; font-size:1em;vertical-align:middle; margin-left: 4px'>D</span><span style='display:inline-block; width:50px; text-align:left; font-size:1em; vertical-align:middle'>0.3%</span>"
705640;Dronninglund;3;Dronninglund Skole;810;86;403592;Rørholtvej 20, 9330 Dronninglund;Brønderslev;389199;Fintælling;0.5199306759098787;6.897746967071057;3.466204506065858;2.5996533795493932;17.469670710571926;4.575389948006933;0.24263431542461;1.733102253032929;22.322357019064125;10.19064124783362;29.98266897746967;Venstre;"<b style='color:#0781DD; font-size:1.5em;margin-bottom: 10px'>Venstre</b><br> blev størst på valgstedet Dronninglund Skole<br><span style='display:inline-block; width:0.3em; height:1.2em; vertical-align:middle;background:#0781DD;'></span><span style='display:inline-block; width:30px; font-size:1em;vertical-align:middle; margin-left: 4px'>V</span><span style='display:inline-block; width:50px; text-align:left; font-size:1em; vertical-align:middle'>30.0%</span><br><span style='display:inline-block; width:0.3em; height:1.2em; vertical-align:middle;background:#F00B2F;'></span><span style='display:inline-block; width:30px; font-size:1em;vertical-align:middle; margin-left: 4px'>S</span><span style='display:inline-block; width:50px; text-align:left; font-size:1em; vertical-align:middle'>22.3%</span><br><span style='display:inline-block; width:0.3em; height:1.2em; vertical-align:middle;background:#494949;'></span><span style='display:inline-block; width:30px; font-size:1em;vertical-align:middle; margin-left: 4px'>J</span><span style='display:inline-block; width:50px; text-align:left; font-size:1em; vertical-align:middle'>17.5%</span><br><span style='display:inline-block; width:0.3em; height:1.2em; vertical-align:middle;background:#F257A9;'></span><span style='display:inline-block; width:30px; font-size:1em;vertical-align:middle; margin-left: 4px'>SF</span><span style='display:inline-block; width:50px; text-align:left; font-size:1em; vertical-align:middle'>10.2%</span><br><span style='display:inline-block; width:0.3em; height:1.2em; vertical-align:middle;background:#0075c9;'></span><span style='display:inline-block; width:30px; font-size:1em;vertical-align:middle; margin-left: 4px'>DD</span><span style='display:inline-block; width:50px; text-align:left; font-size:1em; vertical-align:middle'>6.9%</span><br><span style='display:inline-block; width:0.3em; height:1.2em; vertical-align:middle;background:#06691E;'></span><span style='display:inline-block; width:30px; font-size:1em;vertical-align:middle; margin-left: 4px'>K</span><span style='display:inline-block; width:50px; text-align:left; font-size:1em; vertical-align:middle'>4.6%</span><br><span style='display:inline-block; width:0.3em; height:1.2em; vertical-align:middle;background:#F6BA00;'></span><span style='display:inline-block; width:30px; font-size:1em;vertical-align:middle; margin-left: 4px'>DF</span><span style='display:inline-block; width:50px; text-align:left; font-size:1em; vertical-align:middle'>3.5%</span><br><span style='display:inline-block; width:0.3em; height:1.2em; vertical-align:middle;background:#FF7400;'></span><span style='display:inline-block; width:30px; font-size:1em;vertical-align:middle; margin-left: 4px'>EL</span><span style='display:inline-block; width:50px; text-align:left; font-size:1em; vertical-align:middle'>2.6%</span><br><span style='display:inline-block; width:0.3em; height:1.2em; vertical-align:middle;background:#662690;'></span><span style='display:inline-block; width:30px; font-size:1em;vertical-align:middle; margin-left: 4px'>R</span><span style='display:inline-block; width:50px; text-align:left; font-size:1em; vertical-align:middle'>1.7%</span><br><span style='display:inline-block; width:0.3em; height:1.2em; vertical-align:middle;background:#494949;'></span><span style='display:inline-block; width:30px; font-size:1em;vertical-align:middle; margin-left: 4px'>D</span><span style='display:inline-block; width:50px; text-align:left; font-size:1em; vertical-align:middle'>0.5%</span><br><span style='display:inline-block; width:0.3em; height:1.2em; vertical-align:middle;background:#911995;'></span><span style='display:inline-block; width:30px; font-size:1em;vertical-align:middle; margin-left: 4px'>M</span><span style='display:inline-block; width:50px; text-align:left; font-size:1em; vertical-align:middle'>0.2%</span>"
708624;Agersted;1;Rosendalcenteret;810;86;403592;Dronninglundvej 8, Agersted, 9330 Dronninglund;Brønderslev;389199;Fintælling;1.405152224824356;10.772833723653395;5.85480093676815;1.639344262295082;3.51288056206089;2.576112412177986;0.234192037470726;6.0889929742388755;44.26229508196721;7.02576112412178;16.627634660421545;Socialdemokratiet;"<b style='color:#F00B2F; font-size:1.5em;margin-bottom: 10px'>Socialdemokratiet</b><br> blev størst på valgstedet Rosendalcenteret<br><span style='display:inline-block; width:0.3em; height:1.2em; vertical-align:middle;background:#F00B2F;'></span><span style='display:inline-block; width:30px; font-size:1em;vertical-align:middle; margin-left: 4px'>S</span><span style='display:inline-block; width:50px; text-align:left; font-size:1em; vertical-align:middle'>44.3%</span><br><span style='display:inline-block; width:0.3em; height:1.2em; vertical-align:middle;background:#0781DD;'></span><span style='display:inline-block; width:30px; font-size:1em;vertical-align:middle; margin-left: 4px'>V</span><span style='display:inline-block; width:50px; text-align:left; font-size:1em; vertical-align:middle'>16.6%</span><br><span style='display:inline-block; width:0.3em; height:1.2em; vertical-align:middle;background:#0075c9;'></span><span style='display:inline-block; width:30px; font-size:1em;vertical-align:middle; margin-left: 4px'>DD</span><span style='display:inline-block; width:50px; text-align:left; font-size:1em; vertical-align:middle'>10.8%</span><br><span style='display:inline-block; width:0.3em; height:1.2em; vertical-align:middle;background:#F257A9;'></span><span style='display:inline-block; width:30px; font-size:1em;vertical-align:middle; margin-left: 4px'>SF</span><span style='display:inline-block; width:50px; text-align:left; font-size:1em; vertical-align:middle'>7.0%</span><br><span style='display:inline-block; width:0.3em; height:1.2em; vertical-align:middle;background:#662690;'></span><span style='display:inline-block; width:30px; font-size:1em;vertical-align:middle; margin-left: 4px'>R</span><span style='display:inline-block; width:50px; text-align:left; font-size:1em; vertical-align:middle'>6.1%</span><br><span style='display:inline-block; width:0.3em; height:1.2em; vertical-align:middle;background:#F6BA00;'></span><span style='display:inline-block; width:30px; font-size:1em;vertical-align:middle; margin-left: 4px'>DF</span><span style='display:inline-block; width:50px; text-align:left; font-size:1em; vertical-align:middle'>5.9%</span><br><span style='display:inline-block; width:0.3em; height:1.2em; vertical-align:middle;background:#494949;'></span><span style='display:inline-block; width:30px; font-size:1em;vertical-align:middle; margin-left: 4px'>J</span><span style='display:inline-block; width:50px; text-align:left; font-size:1em; vertical-align:middle'>3.5%</span><br><span style='display:inline-block; width:0.3em; height:1.2em; vertical-align:middle;background:#06691E;'></span><span style='display:inline-block; width:30px; font-size:1em;vertical-align:middle; margin-left: 4px'>K</span><span style='display:inline-block; width:50px; text-align:left; font-size:1em; vertical-align:middle'>2.6%</span><br><span style='display:inline-block; width:0.3em; height:1.2em; vertical-align:middle;background:#FF7400;'></span><span style='display:inline-block; width:30px; font-size:1em;vertical-align:middle; margin-left: 4px'>EL</span><span style='display:inline-block; width:50px; text-align:left; font-size:1em; vertical-align:middle'>1.6%</span><br><span style='display:inline-block; width:0.3em; height:1.2em; vertical-align:middle;background:#494949;'></span><span style='display:inline-block; width:30px; font-size:1em;vertical-align:middle; margin-left: 4px'>D</span><span style='display:inline-block; width:50px; text-align:left; font-size:1em; vertical-align:middle'>1.4%</span><br><span style='display:inline-block; width:0.3em; height:1.2em; vertical-align:middle;background:#911995;'></span><span style='display:inline-block; width:30px; font-size:1em;vertical-align:middle; margin-left: 4px'>M</span><span style='display:inline-block; width:50px; text-align:left; font-size:1em; vertical-align:middle'>0.2%</span>"
